Workbook

Sheet 元データ
A1: ApplyReceptionNo | B1: ApplyStaffId | C1: ApplyStaffName | D1: CenterMatterStatusCD | E1: CenterMatterStatusName | F1: HistoryExistCD | G1: HistoryExistName | H1: ReasonGenerateDate | I1: ApplyDate | J1: ApplyReceptionDate | K1: ContactPersonRegistDate | L1: ApprovedRegistDate | M1: ApplyDataOutputDate | N1: CompletedRegistDate | O1: CenterProcessTypeText | P1: hasTenpu | Q1: hasJyumin | R1: hasHassin | S1: hasKakunin | T1: hasKanri | U1: hasSV | V1: hasData | W1: hasSakujyo | X1: hasTokubetsu | Y1: hasTokubetsu1 | Z1: hasTokubetsu2 | AA1: hasTokubetsu3 | AB1: NotificationReasonCD | AC1: NotificationReasonKbn | AD1: NotificationReasonKbnText | AE1: NotificationReasonKbnContent | AF1: AlimonyFlg | AG1: HealthInsuranceFlg | AH1: TaxBiteFlg | AI1: cancelFlgText | AJ1: TemporaryText | AK1: ApplyContent | AL1: ★最下行 | AM1: ★経過日数 | AN1: ★未完了 | AO1: ★共済あり
A2: 200860002045 | D2: 31 | E2: 31 ＯＰ確認中 | H2: 39904 | I2: 39898 | J2: 41984 | K2: 41984 | O2: 21 担当者登録 | AB2: 47 | AC2: 0 | AD2: 減 | AE2: 47 扶養親族の就職 | AF2: 減 | AG2: 減 | AH2: 減 | AK2: 対応不要 該当職員無し | AL2: =IF(A2="","",IF(COUNTIF(A2:A$2001,A2)=1,1,0)) -> 1 | AM2: =IF(I2="","",TODAY()-I2) -> 6392 | AN2: =IF(A2="","",IF(AND(E2<>"33 確認済",E2<>"36 送付中"),1,0)) -> 1 | AO2: =IF(A2="","",IF(AG2<>"",1,0)) -> 1
A3: 200860002058 | D3: 31 | E3: 31 ＯＰ確認中 | H3: 39872 | I3: 39898 | J3: 41984 | K3: 41984 | O3: 21 担当者登録 | AB3: 22 | AC3: 1 | AD3: 増 | AE3: 22 扶養親族の退職 | AG3: 増 | AK3: 対応不要 | AL3: =IF(A3="","",IF(COUNTIF(A3:A$2001,A3)=1,1,0)) -> 1 | AM3: =IF(I3="","",TODAY()-I3) -> 6392 | AN3: =IF(A3="","",IF(AND(E3<>"33 確認済",E3<>"36 送付中"),1,0)) -> 1 | AO3: =IF(A3="","",IF(AG3<>"",1,0)) -> 1
A4: 200960002795 | D4: 40 | E4: 40 差戻し | F4: 20 | G4: 20 差戻し | H4: 30829 | I4: 40233 | J4: 40234 | K4: 40238 | O4: 40 ＳＶ承認 | AB4: 23 | AC4: 1 | AD4: 増 | AE4: 23 本人の結婚 | AL4: =IF(A4="","",IF(COUNTIF(A4:A$2001,A4)=1,1,0)) -> 0 | AM4: =IF(I4="","",TODAY()-I4) -> 6057 | AN4: =IF(A4="","",IF(AND(E4<>"33 確認済",E4<>"36 送付中"),1,0)) -> 1 | AO4: =IF(A4="","",IF(AG4<>"",1,0)) -> 0
A5: 200960002795 | D5: 40 | E5: 40 差戻し | F5: 20 | G5: 20 差戻し | H5: 30829 | I5: 40233 | J5: 40234 | K5: 40238 | O5: 40 ＳＶ承認 | AB5: 23 | AC5: 1 | AD5: 増 | AE5: 23 結婚 | AL5: =IF(A5="","",IF(COUNTIF(A5:A$2001,A5)=1,1,0)) -> 1 | AM5: =IF(I5="","",TODAY()-I5) -> 6057 | AN5: =IF(A5="","",IF(AND(E5<>"33 確認済",E5<>"36 送付中"),1,0)) -> 1 | AO5: =IF(A5="","",IF(AG5<>"",1,0)) -> 0
A6: 200960002929 | D6: 31 | E6: 31 ＯＰ確認中 | H6: 40251 | I6: 40252 | J6: 41984 | K6: 41984 | O6: 21 担当者登録 | AB6: 25 | AC6: 1 | AD6: 増 | AE6: 25 育休 | AL6: =IF(A6="","",IF(COUNTIF(A6:A$2001,A6)=1,1,0)) -> 1 | AM6: =IF(I6="","",TODAY()-I6) -> 6038 | AN6: =IF(A6="","",IF(AND(E6<>"33 確認済",E6<>"36 送付中"),1,0)) -> 1 | AO6: =IF(A6="","",IF(AG6<>"",1,0)) -> 0
A7: 200960002933 | D7: 31 | E7: 31 ＯＰ確認中 | H7: 40238 | I7: 40253 | J7: 41984 | K7: 41984 | O7: 21 担当者登録 | AB7: 21 | AC7: 1 | AD7: 増 | AE7: 21 出生 | AF7: 増 | AG7: 増 | AH7: 増 | AL7: =IF(A7="","",IF(COUNTIF(A7:A$2001,A7)=1,1,0)) -> 1 | AM7: =IF(I7="","",TODAY()-I7) -> 6037 | AN7: =IF(A7="","",IF(AND(E7<>"33 確認済",E7<>"36 送付中"),1,0)) -> 1 | AO7: =IF(A7="","",IF(AG7<>"",1,0)) -> 1
A8: 200960002999 | D8: 31 | E8: 31 ＯＰ確認中 | H8: 40238 | I8: 40262 | J8: 40266 | K8: 40266 | O8: 22 担当者変更 | AB8: 26 | AC8: 1 | AD8: 増 | AE8: 26 扶養者の変更 | AF8: 増 | AG8: 増 | AH8: 増 | AL8: =IF(A8="","",IF(COUNTIF(A8:A$2001,A8)=1,1,0)) -> 1 | AM8: =IF(I8="","",TODAY()-I8) -> 6028 | AN8: =IF(A8="","",IF(AND(E8<>"33 確認済",E8<>"36 送付中"),1,0)) -> 1 | AO8: =IF(A8="","",IF(AG8<>"",1,0)) -> 1
A9: 200960003028 | D9: 31 | E9: 31 ＯＰ確認中 | H9: 40254 | I9: 40266 | J9: 40267 | K9: 40616 | O9: 22 担当者変更 | S9: 確 | AB9: 23 | AC9: 1 | AD9: 増 | AE9: 23 本人の結婚 | AL9: =IF(A9="","",IF(COUNTIF(A9:A$2001,A9)=1,1,0)) -> 0 | AM9: =IF(I9="","",TODAY()-I9) -> 6024 | AN9: =IF(A9="","",IF(AND(E9<>"33 確認済",E9<>"36 送付中"),1,0)) -> 1 | AO9: =IF(A9="","",IF(AG9<>"",1,0)) -> 0
A10: 200960003028 | D10: 31 | E10: 31 ＯＰ確認中 | H10: 40254 | I10: 40266 | J10: 40267 | K10: 40616 | O10: 22 担当者変更 | S10: 確 | AB10: 23 | AC10: 1 | AD10: 増 | AE10: 23 結婚 | AL10: =IF(A10="","",IF(COUNTIF(A10:A$2001,A10)=1,1,0)) -> 1 | AM10: =IF(I10="","",TODAY()-I10) -> 6024 | AN10: =IF(A10="","",IF(AND(E10<>"33 確認済",E10<>"36 送付中"),1,0)) -> 1 | AO10: =IF(A10="","",IF(AG10<>"",1,0)) -> 0
A11: 201060000063 | D11: 31 | E11: 31 ＯＰ確認中 | F11: 20 | G11: 20 差戻し | H11: 40268 | I11: 40270 | J11: 41984 | K11: 41984 | O11: 21 担当者登録 | AB11: 50 | AC11: 0 | AD11: 減 | AE11: 50 扶養者の変更 | AF11: 減 | AG11: 減 | AH11: 減 | AL11: =IF(A11="","",IF(COUNTIF(A11:A$2001,A11)=1,1,0)) -> 1 | AM11: =IF(I11="","",TODAY()-I11) -> 6020 | AN11: =IF(A11="","",IF(AND(E11<>"33 確認済",E11<>"36 送付中"),1,0)) -> 1 | AO11: =IF(A11="","",IF(AG11<>"",1,0)) -> 1
A12: 201060002518 | D12: 40 | E12: 40 差戻し | F12: 20 | G12: 20 差戻し | H12: 40273 | I12: 40574 | J12: 40617 | K12: 40617 | O12: 40 ＳＶ承認 | P12: 添 | AB12: 99 | AC12: 1 | AD12: 増 | AE12: 99 その他 | AF12: 増 | AG12: 増 | AL12: =IF(A12="","",IF(COUNTIF(A12:A$2001,A12)=1,1,0)) -> 1 | AM12: =IF(I12="","",TODAY()-I12) -> 5716 | AN12: =IF(A12="","",IF(AND(E12<>"33 確認済",E12<>"36 送付中"),1,0)) -> 1 | AO12: =IF(A12="","",IF(AG12<>"",1,0)) -> 1
A13: 201160000813 | D13: 31 | E13: 31 ＯＰ確認中 | F13: 20 | G13: 20 差戻し | H13: 40634 | I13: 40721 | J13: 41984 | K13: 41984 | O13: 21 担当者登録 | AB13: 47 | AC13: 0 | AD13: 減 | AE13: 47 扶養親族の就職 | AG13: 減 | AL13: =IF(A13="","",IF(COUNTIF(A13:A$2001,A13)=1,1,0)) -> 1 | AM13: =IF(I13="","",TODAY()-I13) -> 5569 | AN13: =IF(A13="","",IF(AND(E13<>"33 確認済",E13<>"36 送付中"),1,0)) -> 1 | AO13: =IF(A13="","",IF(AG13<>"",1,0)) -> 1
A14: 201260002213 | D14: 31 | E14: 31 ＯＰ確認中 | H14: 41259 | I14: 41260 | J14: 41984 | K14: 41984 | O14: 21 担当者登録 | AB14: 22 | AC14: 1 | AD14: 増 | AE14: 22 扶養親族の退職 | AF14: 増 | AG14: 増 | AH14: 増 | AL14: =IF(A14="","",IF(COUNTIF(A14:A$2001,A14)=1,1,0)) -> 1 | AM14: =IF(I14="","",TODAY()-I14) -> 5030 | AN14: =IF(A14="","",IF(AND(E14<>"33 確認済",E14<>"36 送付中"),1,0)) -> 1 | AO14: =IF(A14="","",IF(AG14<>"",1,0)) -> 1
A15: 201260002232 | D15: 31 | E15: 31 ＯＰ確認中 | H15: 41258 | I15: 41262 | J15: 41984 | K15: 41984 | O15: 21 担当者登録 | AB15: 22 | AC15: 1 | AD15: 増 | AE15: 22 扶養親族の退職 | AF15: 増 | AG15: 増 | AH15: 増 | AL15: =IF(A15="","",IF(COUNTIF(A15:A$2001,A15)=1,1,0)) -> 1 | AM15: =IF(I15="","",TODAY()-I15) -> 5028 | AN15: =IF(A15="","",IF(AND(E15<>"33 確認済",E15<>"36 送付中"),1,0)) -> 1 | AO15: =IF(A15="","",IF(AG15<>"",1,0)) -> 1
A16: 201260002479 | D16: 31 | E16: 31 ＯＰ確認中 | H16: 41309 | I16: 41309 | J16: 41984 | K16: 41984 | O16: 21 担当者登録 | AB16: 26 | AC16: 1 | AD16: 増 | AE16: 26 扶養者の変更 | AG16: 増 | AL16: =IF(A16="","",IF(COUNTIF(A16:A$2001,A16)=1,1,0)) -> 1 | AM16: =IF(I16="","",TODAY()-I16) -> 4981 | AN16: =IF(A16="","",IF(AND(E16<>"33 確認済",E16<>"36 送付中"),1,0)) -> 1 | AO16: =IF(A16="","",IF(AG16<>"",1,0)) -> 1
A17: 201360001338 | D17: 40 | E17: 40 差戻し | F17: 20 | G17: 20 差戻し | H17: 41518 | I17: 41554 | J17: 41554 | K17: 41554 | O17: 57 削除待ち登録 | W17: 削 | AB17: 47 | AC17: 0 | AD17: 減 | AE17: 47 扶養親族の就職 | AH17: 減 | AL17: =IF(A17="","",IF(COUNTIF(A17:A$2001,A17)=1,1,0)) -> 1 | AM17: =IF(I17="","",TODAY()-I17) -> 4736 | AN17: =IF(A17="","",IF(AND(E17<>"33 確認済",E17<>"36 送付中"),1,0)) -> 1 | AO17: =IF(A17="","",IF(AG17<>"",1,0)) -> 0
A18: 201360002263 | D18: 40 | E18: 40 差戻し | F18: 20 | G18: 20 差戻し | H18: 41646 | I18: 41647 | J18: 41648 | K18: 41648 | O18: 57 削除待ち登録 | W18: 削 | AB18: 23 | AC18: 1 | AD18: 増 | AE18: 23 本人の結婚 | AF18: 増 | AG18: 増 | AH18: 増 | AL18: =IF(A18="","",IF(COUNTIF(A18:A$2001,A18)=1,1,0)) -> 0 | AM18: =IF(I18="","",TODAY()-I18) -> 4643 | AN18: =IF(A18="","",IF(AND(E18<>"33 確認済",E18<>"36 送付中"),1,0)) -> 1 | AO18: =IF(A18="","",IF(AG18<>"",1,0)) -> 1
A19: 201360002263 | D19: 40 | E19: 40 差戻し | F19: 20 | G19: 20 差戻し | H19: 41646 | I19: 41647 | J19: 41648 | K19: 41648 | O19: 57 削除待ち登録 | W19: 削 | AB19: 23 | AC19: 1 | AD19: 増 | AE19: 23 結婚 | AF19: 増 | AG19: 増 | AH19: 増 | AL19: =IF(A19="","",IF(COUNTIF(A19:A$2001,A19)=1,1,0)) -> 1 | AM19: =IF(I19="","",TODAY()-I19) -> 4643 | AN19: =IF(A19="","",IF(AND(E19<>"33 確認済",E19<>"36 送付中"),1,0)) -> 1 | AO19: =IF(A19="","",IF(AG19<>"",1,0)) -> 1
A20: 201460000430 | D20: 31 | E20: 31 ＯＰ確認中 | H20: 41754 | I20: 41754 | J20: 41985 | K20: 41985 | O20: 21 担当者登録 | AB20: 47 | AC20: 0 | AD20: 減 | AE20: 47 扶養親族の就職 | AF20: 減 | AG20: 減 | AH20: 減 | AL20: =IF(A20="","",IF(COUNTIF(A20:A$2001,A20)=1,1,0)) -> 1 | AM20: =IF(I20="","",TODAY()-I20) -> 4536 | AN20: =IF(A20="","",IF(AND(E20<>"33 確認済",E20<>"36 送付中"),1,0)) -> 1 | AO20: =IF(A20="","",IF(AG20<>"",1,0)) -> 1
A21: 201560001259 | D21: 31 | E21: 31 ＯＰ確認中 | H21: 42189 | I21: 42230 | J21: 42431 | K21: 42431 | O21: 21 担当者登録 | T21: 管 | AB21: 99 | AC21: 1 | AD21: 増 | AE21: 99 その他 | AF21: 増 | AH21: 増 | AL21: =IF(A21="","",IF(COUNTIF(A21:A$2001,A21)=1,1,0)) -> 1 | AM21: =IF(I21="","",TODAY()-I21) -> 4060 | AN21: =IF(A21="","",IF(AND(E21<>"33 確認済",E21<>"36 送付中"),1,0)) -> 1 | AO21: =IF(A21="","",IF(AG21<>"",1,0)) -> 0
A22: 201560002704 | D22: 40 | E22: 40 差戻し | F22: 20 | G22: 20 差戻し | H22: 42370 | I22: 42408 | J22: 42408 | K22: 42408 | O22: 57 削除待ち登録 | W22: 削 | AB22: 99 | AC22: 0 | AD22: 減 | AE22: 99 その他 | AH22: 減 | AL22: =IF(A22="","",IF(COUNTIF(A22:A$2001,A22)=1,1,0)) -> 1 | AM22: =IF(I22="","",TODAY()-I22) -> 3882 | AN22: =IF(A22="","",IF(AND(E22<>"33 確認済",E22<>"36 送付中"),1,0)) -> 1 | AO22: =IF(A22="","",IF(AG22<>"",1,0)) -> 0
A23: 201660002819 | D23: 40 | E23: 40 差戻し | F23: 20 | G23: 20 差戻し | H23: 42566 | I23: 42732 | J23: 42739 | K23: 42739 | O23: 57 削除待ち登録 | W23: 削 | AB23: 9 | AC23: 0 | AD23: 減 | AE23: 09 死亡 | AF23: 減 | AG23: 減 | AH23: 減 | AL23: =IF(A23="","",IF(COUNTIF(A23:A$2001,A23)=1,1,0)) -> 1 | AM23: =IF(I23="","",TODAY()-I23) -> 3558 | AN23: =IF(A23="","",IF(AND(E23<>"33 確認済",E23<>"36 送付中"),1,0)) -> 1 | AO23: =IF(A23="","",IF(AG23<>"",1,0)) -> 1
A24: 201760002086 | D24: 40 | E24: 40 差戻し | F24: 20 | G24: 20 差戻し | H24: 43031 | I24: 43036 | J24: 43038 | K24: 43041 | O24: 57 削除待ち登録 | W24: 削 | AB24: 27 | AC24: 1 | AD24: 増 | AE24: 27 収入限度額以下 | AH24: 増 | AL24: =IF(A24="","",IF(COUNTIF(A24:A$2001,A24)=1,1,0)) -> 1 | AM24: =IF(I24="","",TODAY()-I24) -> 3254 | AN24: =IF(A24="","",IF(AND(E24<>"33 確認済",E24<>"36 送付中"),1,0)) -> 1 | AO24: =IF(A24="","",IF(AG24<>"",1,0)) -> 0
A25: 201860001388 | D25: 40 | E25: 40 差戻し | F25: 20 | G25: 20 差戻し | H25: 43321 | I25: 43321 | J25: 43325 | K25: 43325 | O25: 55 添付書類待ち登録 | P25: 添 | U25: Ｓ | AB25: 21 | AC25: 1 | AD25: 増 | AE25: 21 出生 | AG25: 増 | AL25: =IF(A25="","",IF(COUNTIF(A25:A$2001,A25)=1,1,0)) -> 1 | AM25: =IF(I25="","",TODAY()-I25) -> 2969 | AN25: =IF(A25="","",IF(AND(E25<>"33 確認済",E25<>"36 送付中"),1,0)) -> 1 | AO25: =IF(A25="","",IF(AG25<>"",1,0)) -> 1
A26: 201860001862 | D26: 31 | E26: 31 ＯＰ確認中 | H26: 43341 | I26: 43371 | J26: 43411 | K26: 43411 | O26: 21 担当者登録 | AB26: 9 | AC26: 0 | AD26: 減 | AE26: 09 死亡 | AF26: 減 | AG26: 減 | AH26: 減 | AL26: =IF(A26="","",IF(COUNTIF(A26:A$2001,A26)=1,1,0)) -> 1 | AM26: =IF(I26="","",TODAY()-I26) -> 2919 | AN26: =IF(A26="","",IF(AND(E26<>"33 確認済",E26<>"36 送付中"),1,0)) -> 1 | AO26: =IF(A26="","",IF(AG26<>"",1,0)) -> 1
A27: 202060000569 | D27: 31 | E27: 31 ＯＰ確認中 | H27: 43937 | I27: 43951 | J27: 44013 | K27: 44013 | O27: 21 担当者登録 | AB27: 22 | AC27: 1 | AD27: 増 | AE27: 22 扶養親族の退職 | AG27: 増 | AL27: =IF(A27="","",IF(COUNTIF(A27:A$2001,A27)=1,1,0)) -> 1 | AM27: =IF(I27="","",TODAY()-I27) -> 2339 | AN27: =IF(A27="","",IF(AND(E27<>"33 確認済",E27<>"36 送付中"),1,0)) -> 1 | AO27: =IF(A27="","",IF(AG27<>"",1,0)) -> 1
A28: 202060001460 | D28: 40 | E28: 40 差戻し | F28: 20 | G28: 20 差戻し | H28: 43191 | I28: 44139 | J28: 44501 | K28: 44504 | O28: 55 添付書類待ち登録 | P28: 添 | AB28: 27 | AC28: 1 | AD28: 増 | AE28: 27 収入限度額以下 | AF28: 増 | AG28: 増 | AH28: 増 | AL28: =IF(A28="","",IF(COUNTIF(A28:A$2001,A28)=1,1,0)) -> 1 | AM28: =IF(I28="","",TODAY()-I28) -> 2151 | AN28: =IF(A28="","",IF(AND(E28<>"33 確認済",E28<>"36 送付中"),1,0)) -> 1 | AO28: =IF(A28="","",IF(AG28<>"",1,0)) -> 1
A29: 202060002466 | D29: 20 | E29: 20 確認待ち | F29: 20 | G29: 20 差戻し | H29: 44197 | I29: 44210 | J29: 44243 | K29: 45617 | O29: 99 データメンテナンス | R29: 発 | W29: 削 | AB29: 27 | AC29: 1 | AD29: 増 | AE29: 27 収入限度額以下 | AF29: 増 | AG29: 増 | AL29: =IF(A29="","",IF(COUNTIF(A29:A$2001,A29)=1,1,0)) -> 1 | AM29: =IF(I29="","",TODAY()-I29) -> 2080 | AN29: =IF(A29="","",IF(AND(E29<>"33 確認済",E29<>"36 送付中"),1,0)) -> 1 | AO29: =IF(A29="","",IF(AG29<>"",1,0)) -> 1
A30: 202060002824 | D30: 40 | E30: 40 差戻し | F30: 20 | G30: 20 差戻し | H30: 43497 | I30: 44232 | J30: 44236 | K30: 44236 | O30: 57 削除待ち登録 | W30: 削 | AB30: 51 | AC30: 0 | AD30: 減 | AE30: 51 収入限度額以上 | AF30: 減 | AG30: 減 | AL30: =IF(A30="","",IF(COUNTIF(A30:A$2001,A30)=1,1,0)) -> 1 | AM30: =IF(I30="","",TODAY()-I30) -> 2058 | AN30: =IF(A30="","",IF(AND(E30<>"33 確認済",E30<>"36 送付中"),1,0)) -> 1 | AO30: =IF(A30="","",IF(AG30<>"",1,0)) -> 1
A31: 202060003171 | D31: 31 | E31: 31 ＯＰ確認中 | H31: 44280 | I31: 44281 | J31: 44302 | K31: 44302 | O31: 21 担当者登録 | AB31: 50 | AC31: 0 | AD31: 減 | AE31: 50 扶養者の変更 | AF31: 減 | AG31: 減 | AH31: 減 | AL31: =IF(A31="","",IF(COUNTIF(A31:A$2001,A31)=1,1,0)) -> 1 | AM31: =IF(I31="","",TODAY()-I31) -> 2009 | AN31: =IF(A31="","",IF(AND(E31<>"33 確認済",E31<>"36 送付中"),1,0)) -> 1 | AO31: =IF(A31="","",IF(AG31<>"",1,0)) -> 1
A32: 202360000913 | D32: 31 | E32: 31 ＯＰ確認中 | H32: 45062 | I32: 45096 | J32: 45098 | K32: 45148 | O32: 21 担当者登録 | AB32: 3 | AC32: 0 | AD32: 減 | AE32: 03 離婚 | AL32: =IF(A32="","",IF(COUNTIF(A32:A$2001,A32)=1,1,0)) -> 1 | AM32: =IF(I32="","",TODAY()-I32) -> 1194 | AN32: =IF(A32="","",IF(AND(E32<>"33 確認済",E32<>"36 送付中"),1,0)) -> 1 | AO32: =IF(A32="","",IF(AG32<>"",1,0)) -> 0
A33: 202360003315 | D33: 31 | E33: 31 ＯＰ確認中 | H33: 45370 | I33: 45370 | J33: 45575 | K33: 45575 | O33: 21 担当者登録 | AB33: 50 | AC33: 0 | AD33: 減 | AE33: 50 扶養者の変更 | AF33: 減 | AG33: 減 | AH33: 減 | AL33: =IF(A33="","",IF(COUNTIF(A33:A$2001,A33)=1,1,0)) -> 1 | AM33: =IF(I33="","",TODAY()-I33) -> 920 | AN33: =IF(A33="","",IF(AND(E33<>"33 確認済",E33<>"36 送付中"),1,0)) -> 1 | AO33: =IF(A33="","",IF(AG33<>"",1,0)) -> 1
A34: 202360003320 | D34: 31 | E34: 31 ＯＰ確認中 | H34: 45352 | I34: 45370 | J34: 45373 | K34: 45373 | O34: 22 担当者変更 | AB34: 23 | AC34: 1 | AD34: 増 | AE34: 23 本人の結婚 | AL34: =IF(A34="","",IF(COUNTIF(A34:A$2001,A34)=1,1,0)) -> 0 | AM34: =IF(I34="","",TODAY()-I34) -> 920 | AN34: =IF(A34="","",IF(AND(E34<>"33 確認済",E34<>"36 送付中"),1,0)) -> 1 | AO34: =IF(A34="","",IF(AG34<>"",1,0)) -> 0
A35: 202360003320 | D35: 31 | E35: 31 ＯＰ確認中 | H35: 45352 | I35: 45370 | J35: 45373 | K35: 45373 | O35: 22 担当者変更 | AB35: 23 | AC35: 1 | AD35: 増 | AE35: 23 結婚 | AL35: =IF(A35="","",IF(COUNTIF(A35:A$2001,A35)=1,1,0)) -> 1 | AM35: =IF(I35="","",TODAY()-I35) -> 920 | AN35: =IF(A35="","",IF(AND(E35<>"33 確認済",E35<>"36 送付中"),1,0)) -> 1 | AO35: =IF(A35="","",IF(AG35<>"",1,0)) -> 0
A36: 202460000110 | D36: 20 | E36: 20 確認待ち | F36: 20 | G36: 20 差戻し | H36: 45383 | I36: 45405 | J36: 45387 | K36: 45617 | O36: 57 削除待ち登録 | W36: 削 | AB36: 22 | AC36: 1 | AD36: 増 | AE36: 22 扶養親族の退職 | AF36: 増 | AG36: 増 | AL36: =IF(A36="","",IF(COUNTIF(A36:A$2001,A36)=1,1,0)) -> 1 | AM36: =IF(I36="","",TODAY()-I36) -> 885 | AN36: =IF(A36="","",IF(AND(E36<>"33 確認済",E36<>"36 送付中"),1,0)) -> 1 | AO36: =IF(A36="","",IF(AG36<>"",1,0)) -> 1
A37: 202460000121 | D37: 40 | E37: 40 差戻し | F37: 20 | G37: 20 差戻し | H37: 45383 | I37: 45386 | J37: 45390 | K37: 45390 | O37: 57 削除待ち登録 | W37: 削 | AB37: 47 | AC37: 0 | AD37: 減 | AE37: 47 扶養親族の就職 | AF37: 減 | AG37: 減 | AH37: 減 | AL37: =IF(A37="","",IF(COUNTIF(A37:A$2001,A37)=1,1,0)) -> 1 | AM37: =IF(I37="","",TODAY()-I37) -> 904 | AN37: =IF(A37="","",IF(AND(E37<>"33 確認済",E37<>"36 送付中"),1,0)) -> 1 | AO37: =IF(A37="","",IF(AG37<>"",1,0)) -> 1
A38: 202460000142 | D38: 40 | E38: 40 差戻し | F38: 20 | G38: 20 差戻し | H38: 45413 | I38: 45386 | J38: 45750 | K38: 45750 | O38: 57 削除待ち登録 | W38: 削 | AB38: 47 | AC38: 0 | AD38: 減 | AE38: 47 扶養親族の就職 | AG38: 減 | AL38: =IF(A38="","",IF(COUNTIF(A38:A$2001,A38)=1,1,0)) -> 1 | AM38: =IF(I38="","",TODAY()-I38) -> 904 | AN38: =IF(A38="","",IF(AND(E38<>"33 確認済",E38<>"36 送付中"),1,0)) -> 1 | AO38: =IF(A38="","",IF(AG38<>"",1,0)) -> 1
A39: 202460000609 | D39: 31 | E39: 31 ＯＰ確認中 | H39: 45296 | I39: 45413 | J39: 45420 | K39: 45425 | O39: 22 担当者変更 | S39: 確 | AB39: 99 | AC39: 1 | AD39: 増 | AE39: 99 その他 | AF39: 増 | AG39: 増 | AH39: 増 | AL39: =IF(A39="","",IF(COUNTIF(A39:A$2001,A39)=1,1,0)) -> 1 | AM39: =IF(I39="","",TODAY()-I39) -> 877 | AN39: =IF(A39="","",IF(AND(E39<>"33 確認済",E39<>"36 送付中"),1,0)) -> 1 | AO39: =IF(A39="","",IF(AG39<>"",1,0)) -> 1
A40: 202460002704 | D40: 32 | E40: 32 ＳＶ確認中 | H40: 45641 | I40: 45642 | J40: 45651 | K40: 45651 | O40: 30 登録 | AB40: 98 | AC40: 0 | AD40: 減 | AE40: 98 年金支給に係る変更 | AG40: 減 | AL40: =IF(A40="","",IF(COUNTIF(A40:A$2001,A40)=1,1,0)) -> 1 | AM40: =IF(I40="","",TODAY()-I40) -> 648 | AN40: =IF(A40="","",IF(AND(E40<>"33 確認済",E40<>"36 送付中"),1,0)) -> 1 | AO40: =IF(A40="","",IF(AG40<>"",1,0)) -> 1
A41: 202460002924 | D41: 40 | E41: 40 差戻し | F41: 20 | G41: 20 差戻し | H41: 45626 | I41: 45681 | J41: 45734 | K41: 45735 | O41: 57 削除待ち登録 | W41: 削 | AB41: 22 | AC41: 1 | AD41: 増 | AE41: 22 扶養親族の退職 | AF41: 増 | AG41: 増 | AH41: 増 | AL41: =IF(A41="","",IF(COUNTIF(A41:A$2001,A41)=1,1,0)) -> 1 | AM41: =IF(I41="","",TODAY()-I41) -> 609 | AN41: =IF(A41="","",IF(AND(E41<>"33 確認済",E41<>"36 送付中"),1,0)) -> 1 | AO41: =IF(A41="","",IF(AG41<>"",1,0)) -> 1
A42: 202460003120 | D42: 31 | E42: 31 ＯＰ確認中 | H42: 45716 | I42: 45716 | J42: 45734 | K42: 45735 | O42: 22 担当者変更 | U42: Ｓ | AB42: 51 | AC42: 0 | AD42: 減 | AE42: 51 収入限度額以上 | AG42: 減 | AL42: =IF(A42="","",IF(COUNTIF(A42:A$2001,A42)=1,1,0)) -> 1 | AM42: =IF(I42="","",TODAY()-I42) -> 574 | AN42: =IF(A42="","",IF(AND(E42<>"33 確認済",E42<>"36 送付中"),1,0)) -> 1 | AO42: =IF(A42="","",IF(AG42<>"",1,0)) -> 1
A43: 202460003283 | D43: 31 | E43: 31 ＯＰ確認中 | H43: 45710 | I43: 45734 | J43: 45737 | K43: 45791 | O43: 21 担当者登録 | AB43: 23 | AC43: 1 | AD43: 増 | AE43: 23 本人の結婚 | AL43: =IF(A43="","",IF(COUNTIF(A43:A$2001,A43)=1,1,0)) -> 0 | AM43: =IF(I43="","",TODAY()-I43) -> 556 | AN43: =IF(A43="","",IF(AND(E43<>"33 確認済",E43<>"36 送付中"),1,0)) -> 1 | AO43: =IF(A43="","",IF(AG43<>"",1,0)) -> 0
A44: 202460003283 | D44: 31 | E44: 31 ＯＰ確認中 | H44: 45710 | I44: 45734 | J44: 45737 | K44: 45791 | O44: 21 担当者登録 | AB44: 23 | AC44: 1 | AD44: 増 | AE44: 23 結婚 | AL44: =IF(A44="","",IF(COUNTIF(A44:A$2001,A44)=1,1,0)) -> 1 | AM44: =IF(I44="","",TODAY()-I44) -> 556 | AN44: =IF(A44="","",IF(AND(E44<>"33 確認済",E44<>"36 送付中"),1,0)) -> 1 | AO44: =IF(A44="","",IF(AG44<>"",1,0)) -> 0
A45: 202560000309 | D45: 31 | E45: 31 ＯＰ確認中 | F45: 20 | G45: 20 差戻し | H45: 45748 | I45: 45757 | J45: 45911 | K45: 45911 | O45: 22 担当者変更 | U45: Ｓ | AB45: 51 | AC45: 0 | AD45: 減 | AE45: 51 収入限度額以上 | AF45: 減 | AG45: 減 | AL45: =IF(A45="","",IF(COUNTIF(A45:A$2001,A45)=1,1,0)) -> 1 | AM45: =IF(I45="","",TODAY()-I45) -> 533 | AN45: =IF(A45="","",IF(AND(E45<>"33 確認済",E45<>"36 送付中"),1,0)) -> 1 | AO45: =IF(A45="","",IF(AG45<>"",1,0)) -> 1
A46: 202560000569 | D46: 40 | E46: 40 差戻し | F46: 20 | G46: 20 差戻し | H46: 45748 | I46: 45778 | J46: 45945 | K46: 45945 | O46: 57 削除待ち登録 | W46: 削 | AB46: 22 | AC46: 1 | AD46: 増 | AE46: 22 扶養親族の退職 | AF46: 増 | AG46: 増 | AH46: 増 | AL46: =IF(A46="","",IF(COUNTIF(A46:A$2001,A46)=1,1,0)) -> 1 | AM46: =IF(I46="","",TODAY()-I46) -> 512 | AN46: =IF(A46="","",IF(AND(E46<>"33 確認済",E46<>"36 送付中"),1,0)) -> 1 | AO46: =IF(A46="","",IF(AG46<>"",1,0)) -> 1
A47: 202560000773 | D47: 32 | E47: 32 ＳＶ確認中 | F47: 30 | G47: 30 却下 | H47: 45804 | I47: 45804 | J47: 45806 | K47: 45832 | O47: 51 管理スタッフ却下 | V47: デ | AB47: 50 | AC47: 0 | AD47: 減 | AE47: 50 扶養者の変更 | AF47: 減 | AG47: 減 | AH47: 減 | AL47: =IF(A47="","",IF(COUNTIF(A47:A$2001,A47)=1,1,0)) -> 1 | AM47: =IF(I47="","",TODAY()-I47) -> 486 | AN47: =IF(A47="","",IF(AND(E47<>"33 確認済",E47<>"36 送付中"),1,0)) -> 1 | AO47: =IF(A47="","",IF(AG47<>"",1,0)) -> 1
A48: 202560001201 | D48: 31 | E48: 31 ＯＰ確認中 | H48: 45843 | I48: 45875 | J48: 45979 | K48: 45979 | O48: 21 担当者登録 | AB48: 3 | AC48: 0 | AD48: 減 | AE48: 03 離婚 | AF48: 減 | AG48: 減 | AH48: 減 | AL48: =IF(A48="","",IF(COUNTIF(A48:A$2001,A48)=1,1,0)) -> 1 | AM48: =IF(I48="","",TODAY()-I48) -> 415 | AN48: =IF(A48="","",IF(AND(E48<>"33 確認済",E48<>"36 送付中"),1,0)) -> 1 | AO48: =IF(A48="","",IF(AG48<>"",1,0)) -> 1
A49: 202560001622 | D49: 40 | E49: 40 差戻し | F49: 20 | G49: 20 差戻し | H49: 45204 | I49: 45924 | J49: 45925 | K49: 45925 | O49: 57 削除待ち登録 | W49: 削 | AB49: 3 | AC49: 0 | AD49: 減 | AE49: 03 離婚 | AL49: =IF(A49="","",IF(COUNTIF(A49:A$2001,A49)=1,1,0)) -> 1 | AM49: =IF(I49="","",TODAY()-I49) -> 366 | AN49: =IF(A49="","",IF(AND(E49<>"33 確認済",E49<>"36 送付中"),1,0)) -> 1 | AO49: =IF(A49="","",IF(AG49<>"",1,0)) -> 0
A50: 202560001758 | D50: 40 | E50: 40 差戻し | F50: 20 | G50: 20 差戻し | H50: 45382 | I50: 45952 | J50: 45957 | K50: 45957 | O50: 40 ＳＶ承認 | AB50: 22 | AC50: 1 | AD50: 増 | AE50: 22 扶養親族の退職 | AF50: 増 | AG50: 増 | AH50: 増 | AL50: =IF(A50="","",IF(COUNTIF(A50:A$2001,A50)=1,1,0)) -> 1 | AM50: =IF(I50="","",TODAY()-I50) -> 338 | AN50: =IF(A50="","",IF(AND(E50<>"33 確認済",E50<>"36 送付中"),1,0)) -> 1 | AO50: =IF(A50="","",IF(AG50<>"",1,0)) -> 1
A51: 202560001779 | D51: 40 | E51: 40 差戻し | F51: 20 | G51: 20 差戻し | I51: 45930 | J51: 45931 | K51: 45933 | O51: 40 ＳＶ承認 | AD51: 減 | AJ51: 一時保存 | AL51: =IF(A51="","",IF(COUNTIF(A51:A$2001,A51)=1,1,0)) -> 1 | AM51: =IF(I51="","",TODAY()-I51) -> 360 | AN51: =IF(A51="","",IF(AND(E51<>"33 確認済",E51<>"36 送付中"),1,0)) -> 1 | AO51: =IF(A51="","",IF(AG51<>"",1,0)) -> 0
A52: 202560002505 | D52: 40 | E52: 40 差戻し | F52: 20 | G52: 20 差戻し | H52: 46006 | I52: 46017 | J52: 46142 | K52: 46142 | O52: 55 添付書類待ち登録 | P52: 添 | AB52: 23 | AC52: 1 | AD52: 増 | AE52: 23 本人の結婚 | AF52: 増 | AG52: 増 | AL52: =IF(A52="","",IF(COUNTIF(A52:A$2001,A52)=1,1,0)) -> 0 | AM52: =IF(I52="","",TODAY()-I52) -> 273 | AN52: =IF(A52="","",IF(AND(E52<>"33 確認済",E52<>"36 送付中"),1,0)) -> 1 | AO52: =IF(A52="","",IF(AG52<>"",1,0)) -> 1
A53: 202560002505 | D53: 40 | E53: 40 差戻し | F53: 20 | G53: 20 差戻し | H53: 46006 | I53: 46017 | J53: 46142 | K53: 46142 | O53: 55 添付書類待ち登録 | P53: 添 | AB53: 23 | AC53: 1 | AD53: 増 | AE53: 23 結婚 | AF53: 増 | AG53: 増 | AL53: =IF(A53="","",IF(COUNTIF(A53:A$2001,A53)=1,1,0)) -> 1 | AM53: =IF(I53="","",TODAY()-I53) -> 273 | AN53: =IF(A53="","",IF(AND(E53<>"33 確認済",E53<>"36 送付中"),1,0)) -> 1 | AO53: =IF(A53="","",IF(AG53<>"",1,0)) -> 1
A54: 202560002534 | D54: 40 | E54: 40 差戻し | F54: 20 | G54: 20 差戻し | H54: 46015 | I54: 46029 | J54: 46030 | K54: 46057 | O54: 57 削除待ち登録 | W54: 削 | AB54: 23 | AC54: 1 | AD54: 増 | AE54: 23 本人の結婚 | AL54: =IF(A54="","",IF(COUNTIF(A54:A$2001,A54)=1,1,0)) -> 0 | AM54: =IF(I54="","",TODAY()-I54) -> 261 | AN54: =IF(A54="","",IF(AND(E54<>"33 確認済",E54<>"36 送付中"),1,0)) -> 1 | AO54: =IF(A54="","",IF(AG54<>"",1,0)) -> 0
A55: 202560002534 | D55: 40 | E55: 40 差戻し | F55: 20 | G55: 20 差戻し | H55: 46015 | I55: 46029 | J55: 46030 | K55: 46057 | O55: 57 削除待ち登録 | W55: 削 | AB55: 23 | AC55: 1 | AD55: 増 | AE55: 23 結婚 | AL55: =IF(A55="","",IF(COUNTIF(A55:A$2001,A55)=1,1,0)) -> 1 | AM55: =IF(I55="","",TODAY()-I55) -> 261 | AN55: =IF(A55="","",IF(AND(E55<>"33 確認済",E55<>"36 送付中"),1,0)) -> 1 | AO55: =IF(A55="","",IF(AG55<>"",1,0)) -> 0
A56: 202560002734 | D56: 20 | E56: 20 確認待ち | I56: 46057 | O56: 10 申請 | AD56: 減 | AJ56: 一時保存 | AL56: =IF(A56="","",IF(COUNTIF(A56:A$2001,A56)=1,1,0)) -> 1 | AM56: =IF(I56="","",TODAY()-I56) -> 233 | AN56: =IF(A56="","",IF(AND(E56<>"33 確認済",E56<>"36 送付中"),1,0)) -> 1 | AO56: =IF(A56="","",IF(AG56<>"",1,0)) -> 0
A57: 202560002767 | D57: 32 | E57: 32 ＳＶ確認中 | H57: 46113 | I57: 46113 | J57: 46127 | K57: 46127 | O57: 31 差戻し | P57: 添 | AB57: 27 | AC57: 1 | AD57: 増 | AE57: 27 収入限度額以下 | AF57: 増 | AG57: 増 | AH57: 増 | AL57: =IF(A57="","",IF(COUNTIF(A57:A$2001,A57)=1,1,0)) -> 1 | AM57: =IF(I57="","",TODAY()-I57) -> 177 | AN57: =IF(A57="","",IF(AND(E57<>"33 確認済",E57<>"36 送付中"),1,0)) -> 1 | AO57: =IF(A57="","",IF(AG57<>"",1,0)) -> 1
A58: 202560002878 | D58: 40 | E58: 40 差戻し | F58: 20 | G58: 20 差戻し | H58: 46052 | I58: 46092 | J58: 46133 | K58: 46260 | O58: 55 添付書類待ち登録 | P58: 添 | AB58: 25 | AC58: 1 | AD58: 増 | AE58: 25 育休 | AF58: 増 | AH58: 増 | AL58: =IF(A58="","",IF(COUNTIF(A58:A$2001,A58)=1,1,0)) -> 1 | AM58: =IF(I58="","",TODAY()-I58) -> 198 | AN58: =IF(A58="","",IF(AND(E58<>"33 確認済",E58<>"36 送付中"),1,0)) -> 1 | AO58: =IF(A58="","",IF(AG58<>"",1,0)) -> 0
A59: 202560002958 | D59: 32 | E59: 32 ＳＶ確認中 | F59: 20 | G59: 20 差戻し | H59: 46143 | I59: 46190 | J59: 46282 | K59: 46282 | O59: 30 登録 | AB59: 49 | AC59: 0 | AD59: 減 | AE59: 49 復職 | AH59: 減 | AL59: =IF(A59="","",IF(COUNTIF(A59:A$2001,A59)=1,1,0)) -> 1 | AM59: =IF(I59="","",TODAY()-I59) -> 100 | AN59: =IF(A59="","",IF(AND(E59<>"33 確認済",E59<>"36 送付中"),1,0)) -> 1 | AO59: =IF(A59="","",IF(AG59<>"",1,0)) -> 0
A60: 202560002994 | D60: 31 | E60: 31 ＯＰ確認中 | F60: 20 | G60: 20 差戻し | H60: 46113 | I60: 46139 | J60: 46233 | K60: 46233 | O60: 22 担当者変更 | P60: 添 | U60: Ｓ | AB60: 34 | AC60: 1 | AD60: 増 | AE60: 34 廃業 | AF60: 増 | AG60: 増 | AH60: 増 | AL60: =IF(A60="","",IF(COUNTIF(A60:A$2001,A60)=1,1,0)) -> 1 | AM60: =IF(I60="","",TODAY()-I60) -> 151 | AN60: =IF(A60="","",IF(AND(E60<>"33 確認済",E60<>"36 送付中"),1,0)) -> 1 | AO60: =IF(A60="","",IF(AG60<>"",1,0)) -> 1
A61: 202560003011 | D61: 40 | E61: 40 差戻し | F61: 20 | G61: 20 差戻し | H61: 46107 | I61: 46107 | J61: 46111 | K61: 46111 | O61: 40 ＳＶ承認 | AB61: 28 | AC61: 3 | AD61: 減 | AH61: 増 | AL61: =IF(A61="","",IF(COUNTIF(A61:A$2001,A61)=1,1,0)) -> 1 | AM61: =IF(I61="","",TODAY()-I61) -> 183 | AN61: =IF(A61="","",IF(AND(E61<>"33 確認済",E61<>"36 送付中"),1,0)) -> 1 | AO61: =IF(A61="","",IF(AG61<>"",1,0)) -> 0
A62: 202560003089 | D62: 32 | E62: 32 ＳＶ確認中 | H62: 46113 | I62: 46115 | J62: 46118 | K62: 46118 | O62: 31 差戻し | S62: 確 | AB62: 99 | AC62: 1 | AD62: 増 | AE62: 99 その他 | AG62: 増 | AH62: 増 | AL62: =IF(A62="","",IF(COUNTIF(A62:A$2001,A62)=1,1,0)) -> 1 | AM62: =IF(I62="","",TODAY()-I62) -> 175 | AN62: =IF(A62="","",IF(AND(E62<>"33 確認済",E62<>"36 送付中"),1,0)) -> 1 | AO62: =IF(A62="","",IF(AG62<>"",1,0)) -> 1
A63: 202560003091 | D63: 31 | E63: 31 ＯＰ確認中 | F63: 20 | G63: 20 差戻し | H63: 46044 | I63: 46112 | J63: 46280 | K63: 46280 | O63: 22 担当者変更 | U63: Ｓ | AB63: 54 | AC63: 0 | AD63: 減 | AE63: 54 別居 | AF63: 減 | AL63: =IF(A63="","",IF(COUNTIF(A63:A$2001,A63)=1,1,0)) -> 1 | AM63: =IF(I63="","",TODAY()-I63) -> 178 | AN63: =IF(A63="","",IF(AND(E63<>"33 確認済",E63<>"36 送付中"),1,0)) -> 1 | AO63: =IF(A63="","",IF(AG63<>"",1,0)) -> 0
A64: 202660000028 | D64: 20 | E64: 20 確認待ち | H64: 46113 | I64: 46115 | O64: 10 申請 | R64: 発 | AB64: 50 | AC64: 0 | AD64: 減 | AE64: 50 扶養者の変更 | AF64: 減 | AL64: =IF(A64="","",IF(COUNTIF(A64:A$2001,A64)=1,1,0)) -> 1 | AM64: =IF(I64="","",TODAY()-I64) -> 175 | AN64: =IF(A64="","",IF(AND(E64<>"33 確認済",E64<>"36 送付中"),1,0)) -> 1 | AO64: =IF(A64="","",IF(AG64<>"",1,0)) -> 0
A65: 202660000073 | D65: 20 | E65: 20 確認待ち | F65: 20 | G65: 20 差戻し | H65: 46113 | I65: 46116 | J65: 46153 | K65: 46153 | O65: 11 差戻し申請 | S65: 確 | AB65: 99 | AC65: 0 | AD65: 減 | AE65: 99 その他 | AF65: 減 | AG65: 減 | AH65: 減 | AL65: =IF(A65="","",IF(COUNTIF(A65:A$2001,A65)=1,1,0)) -> 1 | AM65: =IF(I65="","",TODAY()-I65) -> 174 | AN65: =IF(A65="","",IF(AND(E65<>"33 確認済",E65<>"36 送付中"),1,0)) -> 1 | AO65: =IF(A65="","",IF(AG65<>"",1,0)) -> 1
A66: 202660000276 | D66: 40 | E66: 40 差戻し | F66: 20 | G66: 20 差戻し | H66: 46113 | I66: 46125 | J66: 46188 | K66: 46188 | O66: 55 添付書類待ち登録 | P66: 添 | AB66: 47 | AC66: 0 | AD66: 減 | AE66: 47 扶養親族の就職 | AL66: =IF(A66="","",IF(COUNTIF(A66:A$2001,A66)=1,1,0)) -> 1 | AM66: =IF(I66="","",TODAY()-I66) -> 165 | AN66: =IF(A66="","",IF(AND(E66<>"33 確認済",E66<>"36 送付中"),1,0)) -> 1 | AO66: =IF(A66="","",IF(AG66<>"",1,0)) -> 0
A67: 202660000336 | D67: 36 | E67: 36 送付中 | F67: 20 | G67: 20 差戻し | H67: 46113 | I67: 46155 | J67: 46279 | K67: 46279 | L67: 46289 | M67: 46289 | O67: 70 申請データ出力 | AB67: 51 | AC67: 0 | AD67: 減 | AE67: 51 収入限度額以上 | AG67: 減 | AH67: 減 | AL67: =IF(A67="","",IF(COUNTIF(A67:A$2001,A67)=1,1,0)) -> 1 | AM67: =IF(I67="","",TODAY()-I67) -> 135 | AN67: =IF(A67="","",IF(AND(E67<>"33 確認済",E67<>"36 送付中"),1,0)) -> 0 | AO67: =IF(A67="","",IF(AG67<>"",1,0)) -> 1
A68: 202660000364 | D68: 20 | E68: 20 確認待ち | H68: 46113 | I68: 46132 | O68: 10 申請 | P68: 添 | AB68: 47 | AC68: 0 | AD68: 減 | AE68: 47 扶養親族の就職 | AF68: 減 | AG68: 減 | AH68: 減 | AL68: =IF(A68="","",IF(COUNTIF(A68:A$2001,A68)=1,1,0)) -> 1 | AM68: =IF(I68="","",TODAY()-I68) -> 158 | AN68: =IF(A68="","",IF(AND(E68<>"33 確認済",E68<>"36 送付中"),1,0)) -> 1 | AO68: =IF(A68="","",IF(AG68<>"",1,0)) -> 1
A69: 202660000434 | D69: 20 | E69: 20 確認待ち | I69: 46139 | O69: 10 申請 | AD69: 減 | AJ69: 一時保存 | AL69: =IF(A69="","",IF(COUNTIF(A69:A$2001,A69)=1,1,0)) -> 1 | AM69: =IF(I69="","",TODAY()-I69) -> 151 | AN69: =IF(A69="","",IF(AND(E69<>"33 確認済",E69<>"36 送付中"),1,0)) -> 1 | AO69: =IF(A69="","",IF(AG69<>"",1,0)) -> 0
A70: 202660000452 | D70: 20 | E70: 20 確認待ち | H70: 46113 | I70: 46266 | O70: 55 添付書類待ち登録 | P70: 添 | AB70: 47 | AC70: 0 | AD70: 減 | AE70: 47 扶養親族の就職 | AF70: 減 | AG70: 減 | AH70: 減 | AL70: =IF(A70="","",IF(COUNTIF(A70:A$2001,A70)=1,1,0)) -> 1 | AM70: =IF(I70="","",TODAY()-I70) -> 24 | AN70: =IF(A70="","",IF(AND(E70<>"33 確認済",E70<>"36 送付中"),1,0)) -> 1 | AO70: =IF(A70="","",IF(AG70<>"",1,0)) -> 1
A71: 202660000466 | D71: 40 | E71: 40 差戻し | F71: 20 | G71: 20 差戻し | H71: 46135 | I71: 46142 | J71: 46163 | K71: 46163 | O71: 57 削除待ち登録 | W71: 削 | AB71: 26 | AC71: 1 | AD71: 増 | AE71: 26 扶養者の変更 | AF71: 増 | AH71: 増 | AL71: =IF(A71="","",IF(COUNTIF(A71:A$2001,A71)=1,1,0)) -> 1 | AM71: =IF(I71="","",TODAY()-I71) -> 148 | AN71: =IF(A71="","",IF(AND(E71<>"33 確認済",E71<>"36 送付中"),1,0)) -> 1 | AO71: =IF(A71="","",IF(AG71<>"",1,0)) -> 0
A72: 202660000490 | D72: 40 | E72: 40 差戻し | F72: 20 | G72: 20 差戻し | H72: 46054 | I72: 46142 | J72: 46279 | K72: 46279 | O72: 55 添付書類待ち登録 | P72: 添 | AB72: 25 | AC72: 1 | AD72: 増 | AE72: 25 育休 | AF72: 増 | AG72: 増 | AH72: 増 | AL72: =IF(A72="","",IF(COUNTIF(A72:A$2001,A72)=1,1,0)) -> 1 | AM72: =IF(I72="","",TODAY()-I72) -> 148 | AN72: =IF(A72="","",IF(AND(E72<>"33 確認済",E72<>"36 送付中"),1,0)) -> 1 | AO72: =IF(A72="","",IF(AG72<>"",1,0)) -> 1
A73: 202660000559 | D73: 36 | E73: 36 送付中 | F73: 20 | G73: 20 差戻し | H73: 46154 | I73: 46174 | J73: 46280 | K73: 46280 | L73: 46289 | M73: 46289 | O73: 70 申請データ出力 | AB73: 54 | AC73: 0 | AD73: 減 | AE73: 54 別居 | AF73: 減 | AG73: 減 | AH73: 減 | AL73: =IF(A73="","",IF(COUNTIF(A73:A$2001,A73)=1,1,0)) -> 1 | AM73: =IF(I73="","",TODAY()-I73) -> 116 | AN73: =IF(A73="","",IF(AND(E73<>"33 確認済",E73<>"36 送付中"),1,0)) -> 0 | AO73: =IF(A73="","",IF(AG73<>"",1,0)) -> 1
A74: 202660000573 | D74: 33 | E74: 33 確認済 | H74: 46134 | I74: 46156 | J74: 46157 | K74: 46161 | O74: 40 ＳＶ承認 | AB74: 23 | AC74: 1 | AD74: 増 | AE74: 23 本人の結婚 | AL74: =IF(A74="","",IF(COUNTIF(A74:A$2001,A74)=1,1,0)) -> 0 | AM74: =IF(I74="","",TODAY()-I74) -> 134 | AN74: =IF(A74="","",IF(AND(E74<>"33 確認済",E74<>"36 送付中"),1,0)) -> 0 | AO74: =IF(A74="","",IF(AG74<>"",1,0)) -> 0
A75: 202660000573 | D75: 33 | E75: 33 確認済 | H75: 46134 | I75: 46156 | J75: 46157 | K75: 46161 | O75: 40 ＳＶ承認 | AB75: 23 | AC75: 1 | AD75: 増 | AE75: 23 結婚 | AL75: =IF(A75="","",IF(COUNTIF(A75:A$2001,A75)=1,1,0)) -> 1 | AM75: =IF(I75="","",TODAY()-I75) -> 134 | AN75: =IF(A75="","",IF(AND(E75<>"33 確認済",E75<>"36 送付中"),1,0)) -> 0 | AO75: =IF(A75="","",IF(AG75<>"",1,0)) -> 0
A76: 202660000574 | D76: 40 | E76: 40 差戻し | F76: 20 | G76: 20 差戻し | H76: 46113 | I76: 46156 | J76: 46239 | K76: 46239 | O76: 55 添付書類待ち登録 | P76: 添 | AB76: 51 | AC76: 0 | AD76: 減 | AE76: 51 収入限度額以上 | AG76: 減 | AH76: 減 | AL76: =IF(A76="","",IF(COUNTIF(A76:A$2001,A76)=1,1,0)) -> 1 | AM76: =IF(I76="","",TODAY()-I76) -> 134 | AN76: =IF(A76="","",IF(AND(E76<>"33 確認済",E76<>"36 送付中"),1,0)) -> 1 | AO76: =IF(A76="","",IF(AG76<>"",1,0)) -> 1
A77: 202660000578 | D77: 20 | E77: 20 確認待ち | F77: 20 | G77: 20 差戻し | H77: 46113 | I77: 46157 | J77: 46160 | K77: 46160 | O77: 11 差戻し申請 | S77: 確 | AB77: 26 | AC77: 1 | AD77: 増 | AE77: 26 扶養者の変更 | AF77: 増 | AG77: 増 | AH77: 増 | AL77: =IF(A77="","",IF(COUNTIF(A77:A$2001,A77)=1,1,0)) -> 1 | AM77: =IF(I77="","",TODAY()-I77) -> 133 | AN77: =IF(A77="","",IF(AND(E77<>"33 確認済",E77<>"36 送付中"),1,0)) -> 1 | AO77: =IF(A77="","",IF(AG77<>"",1,0)) -> 1
A78: 202660000643 | D78: 32 | E78: 32 ＳＶ確認中 | H78: 46143 | I78: 46175 | J78: 46185 | K78: 46185 | O78: 31 差戻し | U78: Ｓ | AB78: 51 | AC78: 0 | AD78: 減 | AE78: 51 収入限度額以上 | AF78: 減 | AG78: 減 | AH78: 減 | AL78: =IF(A78="","",IF(COUNTIF(A78:A$2001,A78)=1,1,0)) -> 1 | AM78: =IF(I78="","",TODAY()-I78) -> 115 | AN78: =IF(A78="","",IF(AND(E78<>"33 確認済",E78<>"36 送付中"),1,0)) -> 1 | AO78: =IF(A78="","",IF(AG78<>"",1,0)) -> 1
A79: 202660000646 | D79: 32 | E79: 32 ＳＶ確認中 | F79: 20 | G79: 20 差戻し | H79: 46167 | I79: 46167 | J79: 46283 | K79: 46283 | O79: 31 差戻し | AB79: 47 | AC79: 0 | AD79: 減 | AE79: 47 扶養親族の就職 | AF79: 減 | AG79: 減 | AH79: 減 | AL79: =IF(A79="","",IF(COUNTIF(A79:A$2001,A79)=1,1,0)) -> 1 | AM79: =IF(I79="","",TODAY()-I79) -> 123 | AN79: =IF(A79="","",IF(AND(E79<>"33 確認済",E79<>"36 送付中"),1,0)) -> 1 | AO79: =IF(A79="","",IF(AG79<>"",1,0)) -> 1
A80: 202660000682 | D80: 40 | E80: 40 差戻し | F80: 20 | G80: 20 差戻し | H80: 46074 | I80: 46177 | J80: 46188 | K80: 46188 | O80: 55 添付書類待ち登録 | P80: 添 | AB80: 27 | AC80: 1 | AD80: 増 | AE80: 27 収入限度額以下 | AF80: 増 | AG80: 増 | AH80: 増 | AL80: =IF(A80="","",IF(COUNTIF(A80:A$2001,A80)=1,1,0)) -> 1 | AM80: =IF(I80="","",TODAY()-I80) -> 113 | AN80: =IF(A80="","",IF(AND(E80<>"33 確認済",E80<>"36 送付中"),1,0)) -> 1 | AO80: =IF(A80="","",IF(AG80<>"",1,0)) -> 1
A81: 202660000703 | D81: 20 | E81: 20 確認待ち | H81: 46113 | I81: 46174 | O81: 55 添付書類待ち登録 | P81: 添 | AB81: 26 | AC81: 1 | AD81: 増 | AE81: 26 扶養者の変更 | AG81: 増 | AH81: 増 | AL81: =IF(A81="","",IF(COUNTIF(A81:A$2001,A81)=1,1,0)) -> 1 | AM81: =IF(I81="","",TODAY()-I81) -> 116 | AN81: =IF(A81="","",IF(AND(E81<>"33 確認済",E81<>"36 送付中"),1,0)) -> 1 | AO81: =IF(A81="","",IF(AG81<>"",1,0)) -> 1
A82: 202660000721 | D82: 20 | E82: 20 確認待ち | F82: 20 | G82: 20 差戻し | H82: 46139 | I82: 46181 | J82: 46189 | K82: 46189 | O82: 11 差戻し申請 | S82: 確 | AB82: 23 | AC82: 1 | AD82: 増 | AE82: 23 本人の結婚 | AH82: 増 | AL82: =IF(A82="","",IF(COUNTIF(A82:A$2001,A82)=1,1,0)) -> 0 | AM82: =IF(I82="","",TODAY()-I82) -> 109 | AN82: =IF(A82="","",IF(AND(E82<>"33 確認済",E82<>"36 送付中"),1,0)) -> 1 | AO82: =IF(A82="","",IF(AG82<>"",1,0)) -> 0
A83: 202660000721 | D83: 20 | E83: 20 確認待ち | F83: 20 | G83: 20 差戻し | H83: 46139 | I83: 46181 | J83: 46189 | K83: 46189 | O83: 11 差戻し申請 | S83: 確 | AB83: 23 | AC83: 1 | AD83: 増 | AE83: 23 結婚 | AH83: 増 | AL83: =IF(A83="","",IF(COUNTIF(A83:A$2001,A83)=1,1,0)) -> 1 | AM83: =IF(I83="","",TODAY()-I83) -> 109 | AN83: =IF(A83="","",IF(AND(E83<>"33 確認済",E83<>"36 送付中"),1,0)) -> 1 | AO83: =IF(A83="","",IF(AG83<>"",1,0)) -> 0
A84: 202660000762 | D84: 32 | E84: 32 ＳＶ確認中 | H84: 46174 | I84: 46182 | J84: 46196 | K84: 46196 | O84: 31 差戻し | R84: 発 | U84: Ｓ | AB84: 27 | AC84: 1 | AD84: 増 | AE84: 27 収入限度額以下 | AF84: 増 | AG84: 増 | AH84: 増 | AL84: =IF(A84="","",IF(COUNTIF(A84:A$2001,A84)=1,1,0)) -> 1 | AM84: =IF(I84="","",TODAY()-I84) -> 108 | AN84: =IF(A84="","",IF(AND(E84<>"33 確認済",E84<>"36 送付中"),1,0)) -> 1 | AO84: =IF(A84="","",IF(AG84<>"",1,0)) -> 1
A85: 202660000774 | D85: 33 | E85: 33 確認済 | F85: 20 | G85: 20 差戻し | H85: 46175 | I85: 46231 | J85: 46280 | K85: 46280 | O85: 40 ＳＶ承認 | AB85: 21 | AC85: 1 | AD85: 増 | AE85: 21 出生 | AF85: 増 | AG85: 増 | AH85: 増 | AL85: =IF(A85="","",IF(COUNTIF(A85:A$2001,A85)=1,1,0)) -> 1 | AM85: =IF(I85="","",TODAY()-I85) -> 59 | AN85: =IF(A85="","",IF(AND(E85<>"33 確認済",E85<>"36 送付中"),1,0)) -> 0 | AO85: =IF(A85="","",IF(AG85<>"",1,0)) -> 1
A86: 202660000808 | D86: 31 | E86: 31 ＯＰ確認中 | H86: 46172 | I86: 46188 | J86: 46189 | K86: 46239 | O86: 21 担当者登録 | AB86: 23 | AC86: 1 | AD86: 増 | AE86: 23 本人の結婚 | AL86: =IF(A86="","",IF(COUNTIF(A86:A$2001,A86)=1,1,0)) -> 0 | AM86: =IF(I86="","",TODAY()-I86) -> 102 | AN86: =IF(A86="","",IF(AND(E86<>"33 確認済",E86<>"36 送付中"),1,0)) -> 1 | AO86: =IF(A86="","",IF(AG86<>"",1,0)) -> 0
A87: 202660000808 | D87: 31 | E87: 31 ＯＰ確認中 | H87: 46172 | I87: 46188 | J87: 46189 | K87: 46239 | O87: 21 担当者登録 | AB87: 23 | AC87: 1 | AD87: 増 | AE87: 23 結婚 | AL87: =IF(A87="","",IF(COUNTIF(A87:A$2001,A87)=1,1,0)) -> 1 | AM87: =IF(I87="","",TODAY()-I87) -> 102 | AN87: =IF(A87="","",IF(AND(E87<>"33 確認済",E87<>"36 送付中"),1,0)) -> 1 | AO87: =IF(A87="","",IF(AG87<>"",1,0)) -> 0
A88: 202660000834 | D88: 20 | E88: 20 確認待ち | F88: 20 | G88: 20 差戻し | H88: 46181 | I88: 46204 | J88: 46226 | K88: 46226 | O88: 56 添付書類待ち解除 | S88: 確 | AB88: 24 | AC88: 1 | AD88: 増 | AE88: 24 雇用保険受給終了 | AF88: 増 | AG88: 増 | AL88: =IF(A88="","",IF(COUNTIF(A88:A$2001,A88)=1,1,0)) -> 1 | AM88: =IF(I88="","",TODAY()-I88) -> 86 | AN88: =IF(A88="","",IF(AND(E88<>"33 確認済",E88<>"36 送付中"),1,0)) -> 1 | AO88: =IF(A88="","",IF(AG88<>"",1,0)) -> 1
A89: 202660000842 | D89: 40 | E89: 40 差戻し | F89: 20 | G89: 20 差戻し | H89: 46174 | I89: 46248 | J89: 46252 | K89: 46279 | O89: 57 削除待ち登録 | W89: 削 | AB89: 47 | AC89: 0 | AD89: 減 | AE89: 47 扶養親族の就職 | AG89: 減 | AH89: 減 | AL89: =IF(A89="","",IF(COUNTIF(A89:A$2001,A89)=1,1,0)) -> 1 | AM89: =IF(I89="","",TODAY()-I89) -> 42 | AN89: =IF(A89="","",IF(AND(E89<>"33 確認済",E89<>"36 送付中"),1,0)) -> 1 | AO89: =IF(A89="","",IF(AG89<>"",1,0)) -> 1
A90: 202660000850 | D90: 31 | E90: 31 ＯＰ確認中 | F90: 20 | G90: 20 差戻し | H90: 46167 | I90: 46225 | J90: 46282 | K90: 46282 | O90: 21 担当者登録 | S90: 確 | AB90: 22 | AC90: 1 | AD90: 増 | AE90: 22 扶養親族の退職 | AF90: 増 | AG90: 増 | AH90: 増 | AL90: =IF(A90="","",IF(COUNTIF(A90:A$2001,A90)=1,1,0)) -> 1 | AM90: =IF(I90="","",TODAY()-I90) -> 65 | AN90: =IF(A90="","",IF(AND(E90<>"33 確認済",E90<>"36 送付中"),1,0)) -> 1 | AO90: =IF(A90="","",IF(AG90<>"",1,0)) -> 1
A91: 202660000868 | D91: 31 | E91: 31 ＯＰ確認中 | H91: 46113 | I91: 46197 | J91: 46198 | K91: 46198 | O91: 22 担当者変更 | P91: 添 | U91: Ｓ | AB91: 50 | AC91: 0 | AD91: 減 | AE91: 50 扶養者の変更 | AG91: 減 | AL91: =IF(A91="","",IF(COUNTIF(A91:A$2001,A91)=1,1,0)) -> 1 | AM91: =IF(I91="","",TODAY()-I91) -> 93 | AN91: =IF(A91="","",IF(AND(E91<>"33 確認済",E91<>"36 送付中"),1,0)) -> 1 | AO91: =IF(A91="","",IF(AG91<>"",1,0)) -> 1
A92: 202660000900 | D92: 33 | E92: 33 確認済 | F92: 20 | G92: 20 差戻し | H92: 46188 | I92: 46203 | J92: 46279 | K92: 46279 | O92: 40 ＳＶ承認 | AB92: 21 | AC92: 1 | AD92: 増 | AE92: 21 出生 | AF92: 増 | AL92: =IF(A92="","",IF(COUNTIF(A92:A$2001,A92)=1,1,0)) -> 1 | AM92: =IF(I92="","",TODAY()-I92) -> 87 | AN92: =IF(A92="","",IF(AND(E92<>"33 確認済",E92<>"36 送付中"),1,0)) -> 0 | AO92: =IF(A92="","",IF(AG92<>"",1,0)) -> 0
A93: 202660000967 | D93: 20 | E93: 20 確認待ち | F93: 20 | G93: 20 差戻し | H93: 46054 | I93: 46226 | J93: 46231 | K93: 46231 | O93: 11 差戻し申請 | P93: 添 | AB93: 47 | AC93: 0 | AD93: 減 | AE93: 47 扶養親族の就職 | AF93: 減 | AG93: 減 | AL93: =IF(A93="","",IF(COUNTIF(A93:A$2001,A93)=1,1,0)) -> 1 | AM93: =IF(I93="","",TODAY()-I93) -> 64 | AN93: =IF(A93="","",IF(AND(E93<>"33 確認済",E93<>"36 送付中"),1,0)) -> 1 | AO93: =IF(A93="","",IF(AG93<>"",1,0)) -> 1
A94: 202660001000 | D94: 40 | E94: 40 差戻し | F94: 20 | G94: 20 差戻し | H94: 46204 | I94: 46216 | J94: 46220 | K94: 46220 | O94: 55 添付書類待ち登録 | P94: 添 | AB94: 26 | AC94: 1 | AD94: 増 | AE94: 26 扶養者の変更 | AF94: 増 | AG94: 増 | AH94: 増 | AL94: =IF(A94="","",IF(COUNTIF(A94:A$2001,A94)=1,1,0)) -> 1 | AM94: =IF(I94="","",TODAY()-I94) -> 74 | AN94: =IF(A94="","",IF(AND(E94<>"33 確認済",E94<>"36 送付中"),1,0)) -> 1 | AO94: =IF(A94="","",IF(AG94<>"",1,0)) -> 1
A95: 202660001008 | D95: 31 | E95: 31 ＯＰ確認中 | H95: 46217 | I95: 46227 | J95: 46237 | K95: 46237 | O95: 22 担当者変更 | P95: 添 | U95: Ｓ | AB95: 26 | AC95: 1 | AD95: 増 | AE95: 26 扶養者の変更 | AF95: 増 | AG95: 増 | AH95: 増 | AL95: =IF(A95="","",IF(COUNTIF(A95:A$2001,A95)=1,1,0)) -> 1 | AM95: =IF(I95="","",TODAY()-I95) -> 63 | AN95: =IF(A95="","",IF(AND(E95<>"33 確認済",E95<>"36 送付中"),1,0)) -> 1 | AO95: =IF(A95="","",IF(AG95<>"",1,0)) -> 1
A96: 202660001026 | D96: 32 | E96: 32 ＳＶ確認中 | H96: 46204 | I96: 46220 | J96: 46224 | K96: 46224 | O96: 31 差戻し | P96: 添 | U96: Ｓ | AB96: 22 | AC96: 1 | AD96: 増 | AE96: 22 扶養親族の退職 | AG96: 増 | AL96: =IF(A96="","",IF(COUNTIF(A96:A$2001,A96)=1,1,0)) -> 1 | AM96: =IF(I96="","",TODAY()-I96) -> 70 | AN96: =IF(A96="","",IF(AND(E96<>"33 確認済",E96<>"36 送付中"),1,0)) -> 1 | AO96: =IF(A96="","",IF(AG96<>"",1,0)) -> 1
A97: 202660001028 | D97: 36 | E97: 36 送付中 | H97: 46023 | I97: 46220 | J97: 46262 | K97: 46262 | L97: 46289 | M97: 46289 | O97: 70 申請データ出力 | AB97: 25 | AC97: 1 | AD97: 増 | AE97: 25 育休 | AH97: 増 | AL97: =IF(A97="","",IF(COUNTIF(A97:A$2001,A97)=1,1,0)) -> 1 | AM97: =IF(I97="","",TODAY()-I97) -> 70 | AN97: =IF(A97="","",IF(AND(E97<>"33 確認済",E97<>"36 送付中"),1,0)) -> 0 | AO97: =IF(A97="","",IF(AG97<>"",1,0)) -> 0
A98: 202660001033 | D98: 32 | E98: 32 ＳＶ確認中 | F98: 20 | G98: 20 差戻し | H98: 46237 | I98: 46247 | J98: 46279 | K98: 46279 | O98: 30 登録 | AB98: 21 | AC98: 1 | AD98: 増 | AE98: 21 出生 | AF98: 増 | AG98: 増 | AH98: 増 | AL98: =IF(A98="","",IF(COUNTIF(A98:A$2001,A98)=1,1,0)) -> 1 | AM98: =IF(I98="","",TODAY()-I98) -> 43 | AN98: =IF(A98="","",IF(AND(E98<>"33 確認済",E98<>"36 送付中"),1,0)) -> 1 | AO98: =IF(A98="","",IF(AG98<>"",1,0)) -> 1
A99: 202660001034 | D99: 33 | E99: 33 確認済 | F99: 20 | G99: 20 差戻し | H99: 46214 | I99: 46237 | J99: 46280 | K99: 46280 | O99: 40 ＳＶ承認 | AB99: 21 | AC99: 1 | AD99: 増 | AE99: 21 出生 | AF99: 増 | AG99: 増 | AH99: 増 | AL99: =IF(A99="","",IF(COUNTIF(A99:A$2001,A99)=1,1,0)) -> 1 | AM99: =IF(I99="","",TODAY()-I99) -> 53 | AN99: =IF(A99="","",IF(AND(E99<>"33 確認済",E99<>"36 送付中"),1,0)) -> 0 | AO99: =IF(A99="","",IF(AG99<>"",1,0)) -> 1
A100: 202660001060 | D100: 40 | E100: 40 差戻し | F100: 20 | G100: 20 差戻し | H100: 46211 | I100: 46227 | J100: 46262 | K100: 46262 | O100: 55 添付書類待ち登録 | P100: 添 | AB100: 21 | AC100: 1 | AD100: 増 | AE100: 21 出生 | AF100: 増 | AG100: 増 | AH100: 増 | AL100: =IF(A100="","",IF(COUNTIF(A100:A$2001,A100)=1,1,0)) -> 1 | AM100: =IF(I100="","",TODAY()-I100) -> 63 | AN100: =IF(A100="","",IF(AND(E100<>"33 確認済",E100<>"36 送付中"),1,0)) -> 1 | AO100: =IF(A100="","",IF(AG100<>"",1,0)) -> 1
...

Sheet ダッシュボード
B2: 扶養異動申請 進捗ダッシュボード | N2: =TODAY() -> 46290
B4: ▼ 使い方
B5: 手順① | C5: 「元データ」シートを開き、2行目以降に最新データを貼り付ける（ヘッダー行1行目は変更しないこと）
B6: 手順② | C6: データを貼り替える場合は「元データ一括クリア」マクロを実行して既存データを削除してから貼り付ける
B7: 手順③ | C7: 「ダッシュボード」シートに戻ると自動で集計が更新される（TODAY()基準で経過日数も再計算）
B8: 注意 | C8: ★印の黄色列（元データシート右端4列）は作業列のため削除・上書き不可
B9: ⬛ 元データ一括クリア ※マクロ「ClearData」を実行
B11: ▼ 以下の案件を確認してください
B19: ▼ 未完了案件サマリー
B20: 未完了 総件数 | F20: センター対応中 | J20: 差戻し中
B21: =SUMPRODUCT((元データ!$AL$2:$AL$2001=1)*(元データ!$AN$2:$AN$2001=1)) -> 307 | F21: =SUMPRODUCT((元データ!$AL$2:$AL$2001=1)*(元データ!$AN$2:$AN$2001=1))-SUMPRODUCT((元データ!$AL$2:$AL$2001=1)*(元データ!$AN$2:$AN$2001=1)*(元データ!$E$2:$E$2001="40 差戻し")) -> 256 | J21: =SUMPRODUCT((元データ!$AL$2:$AL$2001=1)*(元データ!$AN$2:$AN$2001=1)*(元データ!$E$2:$E$2001="40 差戻し")) -> 51
B23: ▼ ステータス別 件数
B24: ステータス | C24: 総件数 | D24: 申請日から7日以内 | E24: 申請日から8〜14日 | F24: 申請日から15〜21日 | G24: 申請日から1か月超 | H24: 申請日から2か月超
B25: 確認待ち | C25: =SUMPRODUCT((元データ!$AL$2:$AL$2001=1)*(元データ!$AN$2:$AN$2001=1)*(元データ!$E$2:$E$2001="20 確認待ち")) -> 77 | D25: =SUMPRODUCT((元データ!$AL$2:$AL$2001=1)*(元データ!$AN$2:$AN$2001=1)*(元データ!$E$2:$E$2001="20 確認待ち")*(元データ!$AM$2:$AM$2001<=7)) -> 42 | E25: =SUMPRODUCT((元データ!$AL$2:$AL$2001=1)*(元データ!$AN$2:$AN$2001=1)*(元データ!$E$2:$E$2001="20 確認待ち")*(元データ!$AM$2:$AM$2001>=8)*(元データ!$AM$2:$AM$2001<=14)) -> 11 | F25: =SUMPRODUCT((元データ!$AL$2:$AL$2001=1)*(元データ!$AN$2:$AN$2001=1)*(元データ!$E$2:$E$2001="20 確認待ち")*(元データ!$AM$2:$AM$2001>=15)*(元データ!$AM$2:$AM$2001<=21)) -> 3 | G25: =SUMPRODUCT((元データ!$AL$2:$AL$2001=1)*(元データ!$AN$2:$AN$2001=1)*(元データ!$E$2:$E$2001="20 確認待ち")*(元データ!$AM$2:$AM$2001>=22)*(元データ!$AM$2:$AM$2001<=30)) -> 4 | H25: =SUMPRODUCT((元データ!$AL$2:$AL$2001=1)*(元データ!$AN$2:$AN$2001=1)*(元データ!$E$2:$E$2001="20 確認待ち")*(元データ!$AM$2:$AM$2001>=31)) -> 17
B26: 申請受付 | C26: =SUMPRODUCT((元データ!$AL$2:$AL$2001=1)*(元データ!$AN$2:$AN$2001=1)*(元データ!$E$2:$E$2001="30 申請受付")) -> 59 | D26: =SUMPRODUCT((元データ!$AL$2:$AL$2001=1)*(元データ!$AN$2:$AN$2001=1)*(元データ!$E$2:$E$2001="30 申請受付")*(元データ!$AM$2:$AM$2001<=7)) -> 27 | E26: =SUMPRODUCT((元データ!$AL$2:$AL$2001=1)*(元データ!$AN$2:$AN$2001=1)*(元データ!$E$2:$E$2001="30 申請受付")*(元データ!$AM$2:$AM$2001>=8)*(元データ!$AM$2:$AM$2001<=14)) -> 24 | F26: =SUMPRODUCT((元データ!$AL$2:$AL$2001=1)*(元データ!$AN$2:$AN$2001=1)*(元データ!$E$2:$E$2001="30 申請受付")*(元データ!$AM$2:$AM$2001>=15)*(元データ!$AM$2:$AM$2001<=21)) -> 2 | G26: =SUMPRODUCT((元データ!$AL$2:$AL$2001=1)*(元データ!$AN$2:$AN$2001=1)*(元データ!$E$2:$E$2001="30 申請受付")*(元データ!$AM$2:$AM$2001>=22)*(元データ!$AM$2:$AM$2001<=30)) -> 2 | H26: =SUMPRODUCT((元データ!$AL$2:$AL$2001=1)*(元データ!$AN$2:$AN$2001=1)*(元データ!$E$2:$E$2001="30 申請受付")*(元データ!$AM$2:$AM$2001>=31)) -> 4
B27: OP確認中 | C27: =SUMPRODUCT((元データ!$AL$2:$AL$2001=1)*(元データ!$AN$2:$AN$2001=1)*(元データ!$E$2:$E$2001="31 ＯＰ確認中")) -> 77 | D27: =SUMPRODUCT((元データ!$AL$2:$AL$2001=1)*(元データ!$AN$2:$AN$2001=1)*(元データ!$E$2:$E$2001="31 ＯＰ確認中")*(元データ!$AM$2:$AM$2001<=7)) -> 1 | E27: =SUMPRODUCT((元データ!$AL$2:$AL$2001=1)*(元データ!$AN$2:$AN$2001=1)*(元データ!$E$2:$E$2001="31 ＯＰ確認中")*(元データ!$AM$2:$AM$2001>=8)*(元データ!$AM$2:$AM$2001<=14)) -> 31 | F27: =SUMPRODUCT((元データ!$AL$2:$AL$2001=1)*(元データ!$AN$2:$AN$2001=1)*(元データ!$E$2:$E$2001="31 ＯＰ確認中")*(元データ!$AM$2:$AM$2001>=15)*(元データ!$AM$2:$AM$2001<=21)) -> 4 | G27: =SUMPRODUCT((元データ!$AL$2:$AL$2001=1)*(元データ!$AN$2:$AN$2001=1)*(元データ!$E$2:$E$2001="31 ＯＰ確認中")*(元データ!$AM$2:$AM$2001>=22)*(元データ!$AM$2:$AM$2001<=30)) -> 1 | H27: =SUMPRODUCT((元データ!$AL$2:$AL$2001=1)*(元データ!$AN$2:$AN$2001=1)*(元データ!$E$2:$E$2001="31 ＯＰ確認中")*(元データ!$AM$2:$AM$2001>=31)) -> 40
B28: SV確認中 | C28: =SUMPRODUCT((元データ!$AL$2:$AL$2001=1)*(元データ!$AN$2:$AN$2001=1)*(元データ!$E$2:$E$2001="32 ＳＶ確認中")) -> 43 | D28: =SUMPRODUCT((元データ!$AL$2:$AL$2001=1)*(元データ!$AN$2:$AN$2001=1)*(元データ!$E$2:$E$2001="32 ＳＶ確認中")*(元データ!$AM$2:$AM$2001<=7)) -> 0 | E28: =SUMPRODUCT((元データ!$AL$2:$AL$2001=1)*(元データ!$AN$2:$AN$2001=1)*(元データ!$E$2:$E$2001="32 ＳＶ確認中")*(元データ!$AM$2:$AM$2001>=8)*(元データ!$AM$2:$AM$2001<=14)) -> 11 | F28: =SUMPRODUCT((元データ!$AL$2:$AL$2001=1)*(元データ!$AN$2:$AN$2001=1)*(元データ!$E$2:$E$2001="32 ＳＶ確認中")*(元データ!$AM$2:$AM$2001>=15)*(元データ!$AM$2:$AM$2001<=21)) -> 11 | G28: =SUMPRODUCT((元データ!$AL$2:$AL$2001=1)*(元データ!$AN$2:$AN$2001=1)*(元データ!$E$2:$E$2001="32 ＳＶ確認中")*(元データ!$AM$2:$AM$2001>=22)*(元データ!$AM$2:$AM$2001<=30)) -> 4 | H28: =SUMPRODUCT((元データ!$AL$2:$AL$2001=1)*(元データ!$AN$2:$AN$2001=1)*(元データ!$E$2:$E$2001="32 ＳＶ確認中")*(元データ!$AM$2:$AM$2001>=31)) -> 17
B29: 差戻し | C29: =SUMPRODUCT((元データ!$AL$2:$AL$2001=1)*(元データ!$AN$2:$AN$2001=1)*(元データ!$E$2:$E$2001="40 差戻し")) -> 51 | D29: =SUMPRODUCT((元データ!$AL$2:$AL$2001=1)*(元データ!$AN$2:$AN$2001=1)*(元データ!$E$2:$E$2001="40 差戻し")*(元データ!$AM$2:$AM$2001<=7)) -> 0 | E29: =SUMPRODUCT((元データ!$AL$2:$AL$2001=1)*(元データ!$AN$2:$AN$2001=1)*(元データ!$E$2:$E$2001="40 差戻し")*(元データ!$AM$2:$AM$2001>=8)*(元データ!$AM$2:$AM$2001<=14)) -> 2 | F29: =SUMPRODUCT((元データ!$AL$2:$AL$2001=1)*(元データ!$AN$2:$AN$2001=1)*(元データ!$E$2:$E$2001="40 差戻し")*(元データ!$AM$2:$AM$2001>=15)*(元データ!$AM$2:$AM$2001<=21)) -> 2 | G29: =SUMPRODUCT((元データ!$AL$2:$AL$2001=1)*(元データ!$AN$2:$AN$2001=1)*(元データ!$E$2:$E$2001="40 差戻し")*(元データ!$AM$2:$AM$2001>=22)*(元データ!$AM$2:$AM$2001<=30)) -> 7 | H29: =SUMPRODUCT((元データ!$AL$2:$AL$2001=1)*(元データ!$AN$2:$AN$2001=1)*(元データ!$E$2:$E$2001="40 差戻し")*(元データ!$AM$2:$AM$2001>=31)) -> 40
B30: 合計 | C30: =SUMPRODUCT((元データ!$AL$2:$AL$2001=1)*(元データ!$AN$2:$AN$2001=1)) -> 307 | D30: =SUMPRODUCT((元データ!$AL$2:$AL$2001=1)*(元データ!$AN$2:$AN$2001=1)*(元データ!$AM$2:$AM$2001<=7)) -> 70 | E30: =SUMPRODUCT((元データ!$AL$2:$AL$2001=1)*(元データ!$AN$2:$AN$2001=1)*(元データ!$AM$2:$AM$2001>=8)*(元データ!$AM$2:$AM$2001<=14)) -> 79 | F30: =SUMPRODUCT((元データ!$AL$2:$AL$2001=1)*(元データ!$AN$2:$AN$2001=1)*(元データ!$AM$2:$AM$2001>=15)*(元データ!$AM$2:$AM$2001<=21)) -> 22 | G30: =SUMPRODUCT((元データ!$AL$2:$AL$2001=1)*(元データ!$AN$2:$AN$2001=1)*(元データ!$AM$2:$AM$2001>=22)*(元データ!$AM$2:$AM$2001<=30)) -> 18 | H30: =SUMPRODUCT((元データ!$AL$2:$AL$2001=1)*(元データ!$AN$2:$AN$2001=1)*(元データ!$AM$2:$AM$2001>=31)) -> 118
B32: ▼ 事由別 件数（共済あり／なし）
B33: 優先順位 | C33: 事由 | D33: 共済 | E33: 総件数 | F33: 申請日から7日以内 | H33: 申請日から8〜14日 | J33: 申請日から15〜21日 | L33: 申請日から1か月超 | N33: 申請日から2か月超
F34: 件数（ステータス内訳） | G34: 申請番号（フラグ） | H34: 件数（ステータス内訳） | I34: 申請番号（フラグ） | J34: 件数（ステータス内訳） | K34: 申請番号（フラグ） | L34: 件数（ステータス内訳） | M34: 申請番号（フラグ） | N34: 件数（ステータス内訳） | O34: 申請番号（フラグ）
C35: 21 出生 | D35: あり | E35: =SUMPRODUCT((元データ!$AL$2:$AL$2001=1)*(元データ!$AN$2:$AN$2001=1)*(元データ!$AE$2:$AE$2001=$C$35)*(元データ!$AO$2:$AO$2001=1)) -> 30 | F35: 3件 確認待:3 | G35: 202660001446（添待ち） 202660001485（添待ち） 202660001489（添待ち） | H35: 12件 確認待:2 / OP:7 / SV:3 | I35: 202660001313 202660001327 202660001345 202660001351 202660001363 202660001365 202660001369 202660001375 202660001396（添待ち） 202660001434（添待ち） 202660001451 202660001461 | J35: 4件 確認待:2 / OP:1 / SV:1 | K35: 202660001331 202660001334（添待ち） 202660001337（添待ち） 202660001349 | L35: 4件 確認待:1 / SV:1 / 差戻:2 | M35: 202660001253 202660001270（添待ち） 202660001271（添待ち） 202660001310（削除） | N35: 7件 確認待:1 / OP:1 / SV:2 / 差戻:3 | O35: 200960002933 201860001388（添待ち、SV） 202660001033 202660001060（添待ち） 202660001153（添待ち） 202660001203 202660001211（添待ち）
D36: なし | E36: =SUMPRODUCT((元データ!$AL$2:$AL$2001=1)*(元データ!$AN$2:$AN$2001=1)*(元データ!$AE$2:$AE$2001=$C$35)*(元データ!$AO$2:$AO$2001=0)) -> 4 | F36: - | G36: - | H36: 1件 確認待:1 | I36: 202660001414（添待ち） | J36: 1件 OP:1 | K36: 202660001307 | L36: - | M36: - | N36: 2件 OP:1 / SV:1 | O36: 202660001115 202660001212
C37: 23 結婚 | D37: あり | E37: =SUMPRODUCT((元データ!$AL$2:$AL$2001=1)*(元データ!$AN$2:$AN$2001=1)*(元データ!$AE$2:$AE$2001=$C$37)*(元データ!$AO$2:$AO$2001=1)) -> 2 | F37: - | G37: - | H37: - | I37: - | J37: - | K37: - | L37: - | M37: - | N37: 2件 差戻:2 | O37: 201360002263（削除） 202560002505（添待ち）
D38: なし | E38: =SUMPRODUCT((元データ!$AL$2:$AL$2001=1)*(元データ!$AN$2:$AN$2001=1)*(元データ!$AE$2:$AE$2001=$C$37)*(元データ!$AO$2:$AO$2001=0)) -> 46 | F38: 15件 確認待:5 / 受付:10 | G38: 202660001462 202660001463 202660001466 202660001468 202660001474 202660001477 202660001496 202660001505 202660001514 202660001516 202660001525 202660001530 202660001540 202660001543 202660001544 | H38: 19件 受付:6 / OP:11 / SV:2 | I38: 202660001356 202660001359 202660001361 202660001366 202660001368 202660001371 202660001373 202660001376 202660001379 202660001380 202660001385 202660001398 202660001401 202660001424 202660001428 202660001439 202660001450 202660001453 202660001457 | J38: 3件 SV:3 | K38: 202660001321 202660001328 202660001338 | L38: - | M38: - | N38: 9件 確認待:1 / OP:5 / SV:1 / 差戻:2 | O38: 200960002795 200960003028（確認事項） 202360003320 202460003283 202560002534（削除） 202660000721（確認事項） 202660000808 202660001204 202660001209
C39: 30 養子縁組 | D39: あり | E39: =SUMPRODUCT((元データ!$AL$2:$AL$2001=1)*(元データ!$AN$2:$AN$2001=1)*(元データ!$AE$2:$AE$2001=$C$39)*(元データ!$AO$2:$AO$2001=1)) -> 1 | F39: 1件 確認待:1 | G39: 202660001492（添待ち） | H39: - | I39: - | J39: - | K39: - | L39: - | M39: - | N39: - | O39: -
D40: なし | E40: =SUMPRODUCT((元データ!$AL$2:$AL$2001=1)*(元データ!$AN$2:$AN$2001=1)*(元データ!$AE$2:$AE$2001=$C$39)*(元データ!$AO$2:$AO$2001=0)) -> 0 | F40: - | G40: - | H40: - | I40: - | J40: - | K40: - | L40: - | M40: - | N40: - | O40: -
C41: 55 扶養親族の結婚 | D41: あり | E41: =SUMPRODUCT((元データ!$AL$2:$AL$2001=1)*(元データ!$AN$2:$AN$2001=1)*(元データ!$AE$2:$AE$2001=$C$41)*(元データ!$AO$2:$AO$2001=1)) -> 1 | F41: - | G41: - | H41: - | I41: - | J41: - | K41: - | L41: - | M41: - | N41: 1件 受付:1 | O41: 202660001121
D42: なし | E42: =SUMPRODUCT((元データ!$AL$2:$AL$2001=1)*(元データ!$AN$2:$AN$2001=1)*(元データ!$AE$2:$AE$2001=$C$41)*(元データ!$AO$2:$AO$2001=0)) -> 0 | F42: - | G42: - | H42: - | I42: - | J42: - | K42: - | L42: - | M42: - | N42: - | O42: -
C43: 22 扶養親族の退職 | D43: あり | E43: =SUMPRODUCT((元データ!$AL$2:$AL$2001=1)*(元データ!$AN$2:$AN$2001=1)*(元データ!$AE$2:$AE$2001=$C$43)*(元データ!$AO$2:$AO$2001=1)) -> 21 | F43: 2件 確認待:2 | G43: 202660001362（添待ち） 202660001459（添待ち） | H43: 2件 確認待:2 | I43: 202660001354（添待ち） 202660001377（添待ち） | J43: - | K43: - | L43: 1件 差戻:1 | M43: 202660001233 | N43: 16件 確認待:3 / OP:7 / SV:2 / 差戻:4 | O43: 200860002058 201260002213 201260002232 202060000569 202460000110（削除） 202460002924（削除） 202560000569（削除） 202560001758 202660000850（確認事項） 202660001026（添待ち、SV） 202660001080（添待ち） 202660001090（添待ち） 202660001131（確認事項） 202660001183（添待ち） 202660001217（確認事項） 202660001231
D44: なし | E44: =SUMPRODUCT((元データ!$AL$2:$AL$2001=1)*(元データ!$AN$2:$AN$2001=1)*(元データ!$AE$2:$AE$2001=$C$43)*(元データ!$AO$2:$AO$2001=0)) -> 1 | F44: 1件 確認待:1 | G44: 202660001469（添待ち） | H44: - | I44: - | J44: - | K44: - | L44: - | M44: - | N44: - | O44: -
C45: 24 雇用保険受給終了 | D45: あり | E45: =SUMPRODUCT((元データ!$AL$2:$AL$2001=1)*(元データ!$AN$2:$AN$2001=1)*(元データ!$AE$2:$AE$2001=$C$45)*(元データ!$AO$2:$AO$2001=1)) -> 6 | F45: 3件 確認待:3 | G45: 202660001358（添待ち） 202660001488（添待ち） 202660001532 | H45: 1件 OP:1 | I45: 202660001442 | J45: - | K45: - | L45: - | M45: - | N45: 2件 確認待:2 | O45: 202660000834（確認事項） 202660001173（添待ち）
D46: なし | E46: =SUMPRODUCT((元データ!$AL$2:$AL$2001=1)*(元データ!$AN$2:$AN$2001=1)*(元データ!$AE$2:$AE$2001=$C$45)*(元データ!$AO$2:$AO$2001=0)) -> 1 | F46: - | G46: - | H46: - | I46: - | J46: 1件 SV:1 | K46: 202660001319 | L46: - | M46: - | N46: - | O46: -
C47: 27 収入限度額以下 | D47: あり | E47: =SUMPRODUCT((元データ!$AL$2:$AL$2001=1)*(元データ!$AN$2:$AN$2001=1)*(元データ!$AE$2:$AE$2001=$C$47)*(元データ!$AO$2:$AO$2001=1)) -> 8 | F47: 1件 確認待:1 | G47: 202660001521 | H47: 1件 SV:1 | I47: 202660001407 | J47: - | K47: - | L47: - | M47: - | N47: 6件 確認待:1 / SV:2 / 差戻:3 | O47: 202060001460（添待ち） 202060002466（発信、削除） 202560002767（添待ち） 202660000682（添待ち） 202660000762（発信、SV） 202660001171（添待ち）
D48: なし | E48: =SUMPRODUCT((元データ!$AL$2:$AL$2001=1)*(元データ!$AN$2:$AN$2001=1)*(元データ!$AE$2:$AE$2001=$C$47)*(元データ!$AO$2:$AO$2001=0)) -> 5 | F48: 4件 確認待:4 | G48: 202660001473（添待ち） 202660001483（添待ち） 202660001537 202660001539 | H48: - | I48: - | J48: - | K48: - | L48: - | M48: - | N48: 1件 差戻:1 | O48: 201760002086（削除）
C49: 25 育休 | D49: あり | E49: =SUMPRODUCT((元データ!$AL$2:$AL$2001=1)*(元データ!$AN$2:$AN$2001=1)*(元データ!$AE$2:$AE$2001=$C$49)*(元データ!$AO$2:$AO$2001=1)) -> 1 | F49: - | G49: - | H49: - | I49: - | J49: - | K49: - | L49: - | M49: - | N49: 1件 差戻:1 | O49: 202660000490（添待ち）
D50: なし | E50: =SUMPRODUCT((元データ!$AL$2:$AL$2001=1)*(元データ!$AN$2:$AN$2001=1)*(元データ!$AE$2:$AE$2001=$C$49)*(元データ!$AO$2:$AO$2001=0)) -> 12 | F50: 4件 確認待:4 | G50: 202660001370（添待ち） 202660001460（添待ち） 202660001491（添待ち） 202660001541 | H50: 5件 確認待:3 / OP:2 | I50: 202660001393 202660001399（添待ち） 202660001411（添待ち） 202660001425 202660001444（添待ち） | J50: - | K50: - | L50: - | M50: - | N50: 3件 OP:2 / 差戻:1 | O50: 200960002929 202560002878（添待ち） 202660001352（SV）
C51: 26 扶養者の変更 | D51: あり | E51: =SUMPRODUCT((元データ!$AL$2:$AL$2001=1)*(元データ!$AN$2:$AN$2001=1)*(元データ!$AE$2:$AE$2001=$C$51)*(元データ!$AO$2:$AO$2001=1)) -> 14 | F51: 2件 確認待:2 | G51: 202660001484（添待ち） 202660001531 | H51: 1件 OP:1 | I51: 202660001423 | J51: 1件 SV:1 | K51: 202660001262 | L51: 1件 差戻:1 | M51: 202660001298（添待ち） | N51: 9件 確認待:2 / OP:6 / 差戻:1 | O51: 200960002999 201260002479 202660000578（確認事項） 202660000703（添待ち） 202660001000（添待ち） 202660001008（添待ち、SV） 202660001083 202660001165（SV） 202660001221
D52: なし | E52: =SUMPRODUCT((元データ!$AL$2:$AL$2001=1)*(元データ!$AN$2:$AN$2001=1)*(元データ!$AE$2:$AE$2001=$C$51)*(元データ!$AO$2:$AO$2001=0)) -> 4 | F52: - | G52: - | H52: 1件 確認待:1 | I52: 202660001433（添待ち） | J52: 2件 SV:1 / 差戻:1 | K52: 202660001342（添待ち） 202660001350 | L52: - | M52: - | N52: 1件 差戻:1 | O52: 202660000466（削除）
C53: 28 障害程度の変更 | D53: あり | E53: =SUMPRODUCT((元データ!$AL$2:$AL$2001=1)*(元データ!$AN$2:$AN$2001=1)*(元データ!$AE$2:$AE$2001=$C$53)*(元データ!$AO$2:$AO$2001=1)) -> 1 | F53: - | G53: - | H53: - | I53: - | J53: - | K53: - | L53: 1件 SV:1 | M53: 202660001258 | N53: - | O53: -
D54: なし | E54: =SUMPRODUCT((元データ!$AL$2:$AL$2001=1)*(元データ!$AN$2:$AN$2001=1)*(元データ!$AE$2:$AE$2001=$C$53)*(元データ!$AO$2:$AO$2001=0)) -> 3 | F54: 1件 確認待:1 | G54: 202660001495 | H54: 1件 OP:1 | I54: 202660001388 | J54: - | K54: - | L54: 1件 SV:1 | M54: 202660001257 | N54: - | O54: -
C55: 34 廃業 | D55: あり | E55: =SUMPRODUCT((元データ!$AL$2:$AL$2001=1)*(元データ!$AN$2:$AN$2001=1)*(元データ!$AE$2:$AE$2001=$C$55)*(元データ!$AO$2:$AO$2001=1)) -> 1 | F55: - | G55: - | H55: - | I55: - | J55: - | K55: - | L55: - | M55: - | N55: 1件 OP:1 | O55: 202560002994（添待ち、SV）
D56: なし | E56: =SUMPRODUCT((元データ!$AL$2:$AL$2001=1)*(元データ!$AN$2:$AN$2001=1)*(元データ!$AE$2:$AE$2001=$C$55)*(元データ!$AO$2:$AO$2001=0)) -> 0 | F56: - | G56: - | H56: - | I56: - | J56: - | K56: - | L56: - | M56: - | N56: - | O56: -
C57: 48 雇用保険受給開始 | D57: あり | E57: =SUMPRODUCT((元データ!$AL$2:$AL$2001=1)*(元データ!$AN$2:$AN$2001=1)*(元データ!$AE$2:$AE$2001=$C$57)*(元データ!$AO$2:$AO$2001=1)) -> 1 | F57: - | G57: - | H57: - | I57: - | J57: - | K57: - | L57: 1件 OP:1 | M57: 202660001281 | N57: - | O57: -
D58: なし | E58: =SUMPRODUCT((元データ!$AL$2:$AL$2001=1)*(元データ!$AN$2:$AN$2001=1)*(元データ!$AE$2:$AE$2001=$C$57)*(元データ!$AO$2:$AO$2001=0)) -> 0 | F58: - | G58: - | H58: - | I58: - | J58: - | K58: - | L58: - | M58: - | N58: - | O58: -
C59: 97 扶養親族の同別居変更 | D59: あり | E59: =SUMPRODUCT((元データ!$AL$2:$AL$2001=1)*(元データ!$AN$2:$AN$2001=1)*(元データ!$AE$2:$AE$2001=$C$59)*(元データ!$AO$2:$AO$2001=1)) -> 3 | F59: - | G59: - | H59: 1件 OP:1 | I59: 202660001364 | J59: 2件 OP:1 / SV:1 | K59: 202660001340 202660001343（確認事項） | L59: - | M59: - | N59: - | O59: -
D60: なし | E60: =SUMPRODUCT((元データ!$AL$2:$AL$2001=1)*(元データ!$AN$2:$AN$2001=1)*(元データ!$AE$2:$AE$2001=$C$59)*(元データ!$AO$2:$AO$2001=0)) -> 0 | F60: - | G60: - | H60: - | I60: - | J60: - | K60: - | L60: - | M60: - | N60: - | O60: -
C61: 31 同居 | D61: あり | E61: =SUMPRODUCT((元データ!$AL$2:$AL$2001=1)*(元データ!$AN$2:$AN$2001=1)*(元データ!$AE$2:$AE$2001=$C$61)*(元データ!$AO$2:$AO$2001=1)) -> 1 | F61: - | G61: - | H61: - | I61: - | J61: - | K61: - | L61: - | M61: - | N61: 1件 SV:1 | O61: 202660001070（添待ち、SV）
D62: なし | E62: =SUMPRODUCT((元データ!$AL$2:$AL$2001=1)*(元データ!$AN$2:$AN$2001=1)*(元データ!$AE$2:$AE$2001=$C$61)*(元データ!$AO$2:$AO$2001=0)) -> 0 | F62: - | G62: - | H62: - | I62: - | J62: - | K62: - | L62: - | M62: - | N62: - | O62: -
C63: 99 その他 | D63: あり | E63: =SUMPRODUCT((元データ!$AL$2:$AL$2001=1)*(元データ!$AN$2:$AN$2001=1)*(元データ!$AE$2:$AE$2001=$C$63)*(元データ!$AO$2:$AO$2001=1)) -> 6 | F63: - | G63: - | H63: - | I63: - | J63: - | K63: - | L63: 1件 確認待:1 | M63: 202660001274（添待ち） | N63: 5件 確認待:1 / OP:1 / SV:1 / 差戻:2 | O63: 201060002518（添待ち） 202460000609（確認事項） 202560003089（確認事項） 202660000073（確認事項） 202660001220（添待ち）
D64: なし | E64: =SUMPRODUCT((元データ!$AL$2:$AL$2001=1)*(元データ!$AN$2:$AN$2001=1)*(元データ!$AE$2:$AE$2001=$C$63)*(元データ!$AO$2:$AO$2001=0)) -> 6 | F64: 1件 確認待:1 | G64: 202660001535 | H64: 1件 確認待:1 | I64: 202660001448（添待ち） | J64: - | K64: - | L64: 1件 差戻:1 | M64: 202660001278（添待ち） | N64: 3件 受付:1 / OP:1 / 差戻:1 | O64: 201560001259（管） 201560002704（削除） 202660001245
C65: 03 離婚 | D65: あり | E65: =SUMPRODUCT((元データ!$AL$2:$AL$2001=1)*(元データ!$AN$2:$AN$2001=1)*(元データ!$AE$2:$AE$2001=$C$65)*(元データ!$AO$2:$AO$2001=1)) -> 1 | F65: - | G65: - | H65: - | I65: - | J65: - | K65: - | L65: - | M65: - | N65: 1件 OP:1 | O65: 202560001201
D66: なし | E66: =SUMPRODUCT((元データ!$AL$2:$AL$2001=1)*(元データ!$AN$2:$AN$2001=1)*(元データ!$AE$2:$AE$2001=$C$65)*(元データ!$AO$2:$AO$2001=0)) -> 13 | F66: 3件 受付:3 | G66: 202660001478 202660001487 202660001499 | H66: 6件 OP:1 / SV:5 | I66: 202660001384 202660001389 202660001391 202660001392 202660001394 202660001418 | J66: 1件 SV:1 | K66: 202660001333 | L66: - | M66: - | N66: 3件 OP:1 / 差戻:2 | O66: 202360000913 202560001622（削除） 202660001197（削除）
C67: 09 死亡 | D67: あり | E67: =SUMPRODUCT((元データ!$AL$2:$AL$2001=1)*(元データ!$AN$2:$AN$2001=1)*(元データ!$AE$2:$AE$2001=$C$67)*(元データ!$AO$2:$AO$2001=1)) -> 2 | F67: - | G67: - | H67: - | I67: - | J67: - | K67: - | L67: - | M67: - | N67: 2件 OP:1 / 差戻:1 | O67: 201660002819（削除） 201860001862
D68: なし | E68: =SUMPRODUCT((元データ!$AL$2:$AL$2001=1)*(元データ!$AN$2:$AN$2001=1)*(元データ!$AE$2:$AE$2001=$C$67)*(元データ!$AO$2:$AO$2001=0)) -> 3 | F68: 1件 確認待:1 | G68: 202660001534 | H68: 2件 受付:2 | I68: 202660001430 202660001435 | J68: - | K68: - | L68: - | M68: - | N68: - | O68: -
C69: 47 扶養親族の就職 | D69: あり | E69: =SUMPRODUCT((元データ!$AL$2:$AL$2001=1)*(元データ!$AN$2:$AN$2001=1)*(元データ!$AE$2:$AE$2001=$C$69)*(元データ!$AO$2:$AO$2001=1)) -> 16 | F69: 2件 確認待:1 / 受付:1 | G69: 202660001475 202660001533 | H69: 1件 受付:1 | I69: 202660001415 | J69: 1件 差戻:1 | K69: 202660001269（削除） | L69: 1件 確認待:1 | M69: 202660000452（添待ち） | N69: 11件 確認待:2 / OP:3 / SV:1 / 差戻:5 | O69: 200860002045 201160000813 201460000430 202460000121（削除） 202460000142（削除） 202660000364（添待ち） 202660000646 202660000842（削除） 202660000967（添待ち） 202660001188（削除） 202660001215（添待ち）
D70: なし | E70: =SUMPRODUCT((元データ!$AL$2:$AL$2001=1)*(元データ!$AN$2:$AN$2001=1)*(元データ!$AE$2:$AE$2001=$C$69)*(元データ!$AO$2:$AO$2001=0)) -> 13 | F70: 5件 受付:4 / OP:1 | G70: 202660001464 202660001467 202660001476 202660001504 202660001519 | H70: 5件 受付:5 | I70: 202660001383 202660001405 202660001426 202660001431 202660001449 | J70: - | K70: - | L70: 1件 SV:1 | M70: 202660001108 | N70: 2件 差戻:2 | O70: 201360001338（削除） 202660000276（添待ち）
C71: 49 復職 | D71: あり | E71: =SUMPRODUCT((元データ!$AL$2:$AL$2001=1)*(元データ!$AN$2:$AN$2001=1)*(元データ!$AE$2:$AE$2001=$C$71)*(元データ!$AO$2:$AO$2001=1)) -> 2 | F71: 1件 受付:1 | G71: 202660001471 | H71: 1件 OP:1 | I71: 202660001436 | J71: - | K71: - | L71: - | M71: - | N71: - | O71: -
D72: なし | E72: =SUMPRODUCT((元データ!$AL$2:$AL$2001=1)*(元データ!$AN$2:$AN$2001=1)*(元データ!$AE$2:$AE$2001=$C$71)*(元データ!$AO$2:$AO$2001=0)) -> 11 | F72: 6件 確認待:3 / 受付:3 | G72: 202660001502 202660001512 202660001517 202660001524 202660001529 202660001546 | H72: 3件 受付:3 | I72: 202660001397 202660001409 202660001421 | J72: - | K72: - | L72: - | M72: - | N72: 2件 受付:1 / SV:1 | O72: 202560002958 202660001164
C73: 50 扶養者の変更 | D73: あり | E73: =SUMPRODUCT((元データ!$AL$2:$AL$2001=1)*(元データ!$AN$2:$AN$2001=1)*(元データ!$AE$2:$AE$2001=$C$73)*(元データ!$AO$2:$AO$2001=1)) -> 8 | F73: - | G73: - | H73: - | I73: - | J73: - | K73: - | L73: 2件 確認待:1 / 受付:1 | M73: 202660001292 202660001300 | N73: 6件 OP:5 / SV:1 | O73: 201060000063 202060003171 202360003315 202560000773（データ送付待ち） 202660000868（添待ち、SV） 202660001260
D74: なし | E74: =SUMPRODUCT((元データ!$AL$2:$AL$2001=1)*(元データ!$AN$2:$AN$2001=1)*(元データ!$AE$2:$AE$2001=$C$73)*(元データ!$AO$2:$AO$2001=0)) -> 4 | F74: - | G74: - | H74: 3件 確認待:1 / 受付:2 | I74: 202660001386 202660001400 202660001419（発信） | J74: - | K74: - | L74: - | M74: - | N74: 1件 確認待:1 | O74: 202660000028（発信）
C75: 51 収入限度額以上 | D75: あり | E75: =SUMPRODUCT((元データ!$AL$2:$AL$2001=1)*(元データ!$AN$2:$AN$2001=1)*(元データ!$AE$2:$AE$2001=$C$75)*(元データ!$AO$2:$AO$2001=1)) -> 14 | F75: 1件 確認待:1 | G75: 202660001542 | H75: 3件 OP:1 / 差戻:2 | I75: 202660001355（削除） 202660001378（削除） 202660001416 | J75: 2件 確認待:1 / OP:1 | K75: 202660001320 202660001341（添待ち） | L75: - | M75: - | N75: 8件 OP:2 / SV:2 / 差戻:4 | O75: 202060002824（削除） 202460003120（SV） 202560000309（SV） 202660000574（添待ち） 202660000643（SV） 202660001066（添待ち、SV） 202660001086（削除） 202660001125（削除）
D76: なし | E76: =SUMPRODUCT((元データ!$AL$2:$AL$2001=1)*(元データ!$AN$2:$AN$2001=1)*(元データ!$AE$2:$AE$2001=$C$75)*(元データ!$AO$2:$AO$2001=0)) -> 14 | F76: 6件 確認待:1 / 受付:5 | G76: 202660001455 202660001470 202660001479 202660001494 202660001507 202660001515 | H76: 5件 受付:5 | I76: 202660001390 202660001404 202660001445 202660001447 202660001452 | J76: - | K76: - | L76: 1件 受付:1 | M76: 202660001267 | N76: 2件 OP:1 / 差戻:1 | O76: 202660001236（添待ち） 202660001265
C77: 54 別居 | D77: あり | E77: =SUMPRODUCT((元データ!$AL$2:$AL$2001=1)*(元データ!$AN$2:$AN$2001=1)*(元データ!$AE$2:$AE$2001=$C$77)*(元データ!$AO$2:$AO$2001=1)) -> 1 | F77: - | G77: - | H77: - | I77: - | J77: 1件 受付:1 | K77: 202660001249 | L77: - | M77: - | N77: - | O77: -
D78: なし | E78: =SUMPRODUCT((元データ!$AL$2:$AL$2001=1)*(元データ!$AN$2:$AN$2001=1)*(元データ!$AE$2:$AE$2001=$C$77)*(元データ!$AO$2:$AO$2001=0)) -> 2 | F78: - | G78: - | H78: - | I78: - | J78: 1件 受付:1 | K78: 202660001344 | L78: - | M78: - | N78: 1件 OP:1 | O78: 202560003091（SV）
C79: 98 年金支給に係る変更 | D79: あり | E79: =SUMPRODUCT((元データ!$AL$2:$AL$2001=1)*(元データ!$AN$2:$AN$2001=1)*(元データ!$AE$2:$AE$2001=$C$79)*(元データ!$AO$2:$AO$2001=1)) -> 1 | F79: - | G79: - | H79: - | I79: - | J79: - | K79: - | L79: - | M79: - | N79: 1件 SV:1 | O79: 202460002704
D80: なし | E80: =SUMPRODUCT((元データ!$AL$2:$AL$2001=1)*(元データ!$AN$2:$AN$2001=1)*(元データ!$AE$2:$AE$2001=$C$79)*(元データ!$AO$2:$AO$2001=0)) -> 0 | F80: - | G80: - | H80: - | I80: - | J80: - | K80: - | L80: - | M80: - | N80: - | O80: -
C81: 合計 | E81: =SUMPRODUCT((元データ!$AL$2:$AL$2001=1)*(元データ!$AN$2:$AN$2001=1)) -> 307
B83: ※ 件数は申請受付番号単位（同一番号の最下行を使用）。経過日数＝TODAY()－申請日。確認済・送付中は集計対象外。ハイライトは申請日から15日以上の案件のみ。申請番号欄のカッコ内はフラグ（添待ち／住民票／発信／確認事項／管／SV／データ送付待ち／削除）。

Sheet VBAコード
B2: VBAコード ― 元データ一括クリア ― 設定手順
B3: 手順① Excelでこのファイルを開いた状態で Alt+F11 を押す（VBAエディタが開く）
B4: 手順② メニューバーの「挿入」→「標準モジュール」をクリック
B5: 手順③ 下のコードをすべてコピーして貼り付ける
B6: 手順④ Ctrl+S で保存（「マクロが含まれています」と表示されたら「はい」を選択）
B7: 手順⑤ VBAエディタを閉じて「ダッシュボード」シートに戻る
B8: 手順⑥ 赤いセル「⬛ 元データ一括クリア」を右クリック → 「マクロの登録」→「ClearData」を選択 → OK
B11: ▼ コード（下記をすべてコピーしてVBAエディタに貼り付ける）
B12: Sub ClearData()
B13: Dim ws As Worksheet
B14: Dim lastRow As Long
B15: Set ws = ThisWorkbook.Sheets("元データ")
... B28: End Sub
